dealer_id,model,region,total_sales,average_sales,average_inventory,number_of_months
D042,i5,West,2657,45.03389830508475,116.47457627118644,59
D090,iX3,Central,1598,27.084745762711865,50.067796610169495,59
D015,i5,West,1935,32.79661016949152,78.44067796610169,59
D070,X1,East,2720,46.101694915254235,112.10169491525424,59
D074,i4,North,1760,29.83050847457627,47.3728813559322,59
D019,iX1,Central,1125,19.06779661016949,39.559322033898304,59
D004,iX1,East,1118,18.949152542372882,39.644067796610166,59
D133,X7,North,1514,25.661016949152543,50.96610169491525,59
D138,4 Series,North,1277,21.64406779661017,62.271186440677965,59
D126,i5,East,2087,35.3728813559322,74.83050847457628,59
D209,i7,South,731,12.389830508474576,37.152542372881356,59
D223,i4,West,2181,36.96610169491525,98.69491525423729,59
D130,X1,West,2361,40.016949152542374,90.8135593220339,59
D123,5 Series,West,2425,41.101694915254235,64.47457627118644,59
D167,iX,South,1139,19.305084745762713,40.28813559322034,59
D239,4 Series,South,1135,19.23728813559322,57.71186440677966,59
D033,3 Series,North,2027,34.355932203389834,91.16949152542372,59
D058,iX3,North,1544,26.16949152542373,65.40677966101696,59
D074,X5,North,2397,40.6271186440678,91.69491525423729,59
D062,7 Series,West,1046,17.728813559322035,24.694915254237287,59
D108,4 Series,West,2254,38.20338983050848,82.16949152542372,59
D023,X5,North,2224,37.69491525423729,55.96610169491525,59
D010,i4,North,1755,29.74576271186441,113.33898305084746,59
D053,X1,South,2227,37.74576271186441,91.62711864406779,59
D115,i4,East,999,16.93220338983051,38.847457627118644,59
D134,7 Series,East,662,11.220338983050848,18.0,59
D142,iX,South,1587,26.89830508474576,48.03389830508475,59
D197,2 Series,South,2003,33.94915254237288,85.57627118644068,59
D221,X3,North,2412,40.88135593220339,113.69491525423729,59
D154,iX1,South,1889,32.016949152542374,66.27118644067797,59
D216,iX,South,1650,27.966101694915253,40.42372881355932,59
D200,5 Series,Central,1512,25.627118644067796,50.08474576271186,59
D204,7 Series,West,850,14.40677966101695,17.8135593220339,59
D152,iX,South,1153,19.54237288135593,36.25423728813559,59
D137,iX1,West,3103,52.59322033898305,104.94915254237289,59
D243,7 Series,North,597,10.11864406779661,13.94915254237288,59
D241,iX3,North,1876,31.796610169491526,62.16949152542373,59
D025,i7,West,638,10.813559322033898,16.47457627118644,59
D042,7 Series,West,1088,18.440677966101696,28.864406779661017,59
D064,iX,Central,1230,20.847457627118644,43.16949152542373,59
D105,X5,West,2495,42.28813559322034,67.05084745762711,59
D037,iX,Central,1229,20.83050847457627,44.74576271186441,59
D100,X1,North,2432,41.220338983050844,135.33898305084745,59
D102,7 Series,North,545,9.23728813559322,11.101694915254237,59
D021,4 Series,East,1324,22.440677966101696,41.813559322033896,59
D123,iX3,West,2616,44.33898305084746,106.59322033898304,59
D173,iX1,West,2248,38.101694915254235,51.25423728813559,59
D211,iX1,South,2279,38.6271186440678,94.27118644067797,59
D236,i5,West,1781,30.1864406779661,66.30508474576271,59
D150,i5,North,1177,19.949152542372882,78.50847457627118,59
D153,i5,Central,1561,26.45762711864407,52.813559322033896,59
D174,i7,West,1015,17.203389830508474,28.10169491525424,59
D207,i5,West,2092,35.45762711864407,95.8135593220339,59
D147,i7,North,546,9.254237288135593,12.94915254237288,59
D153,X1,Central,1833,31.06779661016949,72.89830508474576,59
D245,i5,West,2561,43.40677966101695,87.30508474576271,59
D046,i7,Central,572,9.694915254237289,17.406779661016948,59
D077,4 Series,South,1512,25.627118644067796,62.88135593220339,59
D066,i5,South,2228,37.76271186440678,85.11864406779661,59
D100,7 Series,North,917,15.542372881355933,25.52542372881356,59
D048,2 Series,Central,1181,20.016949152542374,44.66101694915254,59
D073,2 Series,East,1105,18.728813559322035,42.79661016949152,59
D160,i4,West,2111,35.779661016949156,74.89830508474576,59
D156,5 Series,West,1825,30.93220338983051,75.05084745762711,59
D192,i4,West,1307,22.152542372881356,55.88135593220339,59
D002,iX,West,1195,20.25423728813559,32.25423728813559,59
D018,7 Series,North,592,10.033898305084746,13.491525423728813,59
D022,4 Series,South,1429,24.220338983050848,67.44067796610169,59
D059,2 Series,West,1154,19.559322033898304,38.54237288135593,59
D068,X7,South,1240,21.016949152542374,26.52542372881356,59
D040,i7,West,890,15.084745762711865,19.52542372881356,59
D046,iX,Central,1278,21.661016949152543,53.88135593220339,59
D100,X3,North,2842,48.16949152542373,114.55932203389831,59
D028,iX,Central,1467,24.864406779661017,51.220338983050844,59
D068,5 Series,South,2139,36.25423728813559,91.86440677966101,59
D006,X3,Central,2259,38.28813559322034,86.20338983050847,59
D022,7 Series,South,853,14.457627118644067,23.52542372881356,59
D172,i5,North,1906,32.30508474576271,60.067796610169495,59
D228,7 Series,East,701,11.88135593220339,18.016949152542374,59
D153,iX,Central,1286,21.796610169491526,39.91525423728814,59
D148,4 Series,South,1450,24.576271186440678,87.22033898305085,59
D179,X5,Central,1958,33.186440677966104,110.61016949152543,59
D239,i5,South,1432,24.271186440677965,76.69491525423729,59
D246,4 Series,North,1796,30.440677966101696,67.01694915254237,59
D002,3 Series,West,2040,34.57627118644068,114.13559322033899,59
D006,3 Series,Central,1712,29.016949152542374,46.69491525423729,59
D006,i5,Central,1675,28.389830508474578,56.220338983050844,59
D075,iX1,West,1971,33.40677966101695,58.67796610169491,59
D081,iX3,Central,2102,35.6271186440678,88.27118644067797,59
D034,iX,East,934,15.830508474576272,29.016949152542374,59
D037,7 Series,Central,788,13.35593220338983,19.35593220338983,59
D030,X3,East,1541,26.11864406779661,73.42372881355932,59
D114,2 Series,East,916,15.525423728813559,30.28813559322034,59
D093,i7,Central,743,12.59322033898305,21.152542372881356,59
D051,X1,West,2660,45.08474576271186,94.7457627118644,59
D126,X5,East,2089,35.40677966101695,68.13559322033899,59
D127,3 Series,North,1582,26.8135593220339,64.27118644067797,59
D166,2 Series,Central,1018,17.25423728813559,23.491525423728813,59
D121,i4,East,1698,28.779661016949152,72.98305084745763,59
D241,iX,North,1471,24.93220338983051,36.40677966101695,59
D075,X5,West,1887,31.983050847457626,101.30508474576271,59
D090,2 Series,Central,1176,19.93220338983051,30.35593220338983,59
D038,2 Series,Central,999,16.93220338983051,26.76271186440678,59
D073,4 Series,East,1471,24.93220338983051,66.2542372881356,59
D122,5 Series,West,2346,39.76271186440678,101.98305084745763,59
D136,i5,South,2446,41.45762711864407,110.16949152542372,59
D136,iX3,South,1953,33.101694915254235,56.983050847457626,59
D155,iX1,East,1660,28.135593220338983,39.016949152542374,59
D196,i5,North,2119,35.91525423728814,69.61016949152543,59
D204,iX3,West,1338,22.677966101694917,65.69491525423729,59
D230,3 Series,North,1589,26.93220338983051,80.35593220338983,59
D165,iX1,East,1164,19.728813559322035,52.08474576271186,59
D214,X1,East,1815,30.76271186440678,64.03389830508475,59
D129,X1,East,1700,28.8135593220339,60.66101694915254,59
D130,i4,West,1631,27.64406779661017,69.32203389830508,59
D152,X5,South,2399,40.66101694915254,120.23728813559322,59
D247,i7,West,608,10.305084745762711,14.05084745762712,59
D247,2 Series,West,1450,24.576271186440678,76.54237288135593,59
D016,X7,West,1785,30.25423728813559,91.7457627118644,59
D052,iX1,North,1829,31.0,87.98305084745763,59
D053,2 Series,South,1106,18.74576271186441,38.66101694915254,59
D015,iX,West,1297,21.983050847457626,30.491525423728813,59
D032,i7,South,908,15.389830508474576,30.35593220338983,59
D067,iX3,Central,1567,26.559322033898304,46.32203389830509,59
D135,X1,West,2263,38.355932203389834,97.59322033898304,59
D219,X3,East,2197,37.23728813559322,101.84745762711864,59
D130,4 Series,West,1165,19.74576271186441,28.796610169491526,59
D181,iX,Central,1203,20.389830508474578,40.3728813559322,59
D186,X3,East,1695,28.728813559322035,48.25423728813559,59
D213,iX,West,2394,40.57627118644068,75.0677966101695,59
D218,iX1,North,1671,28.322033898305083,68.0,59
D173,X1,West,3053,51.74576271186441,127.72881355932203,59
D144,7 Series,East,876,14.847457627118644,32.57627118644068,59
D191,7 Series,West,948,16.06779661016949,37.6271186440678,59
D004,i7,East,440,7.4576271186440675,9.23728813559322,59
D040,iX1,West,2432,41.220338983050844,114.27118644067797,59
D006,i7,Central,832,14.101694915254237,25.508474576271187,59
D037,X5,Central,1928,32.67796610169491,86.69491525423729,59
D074,7 Series,North,887,15.033898305084746,21.271186440677965,59
D107,5 Series,West,2685,45.50847457627118,80.66101694915254,59
D053,X3,South,2821,47.813559322033896,141.33898305084745,59
D094,7 Series,South,681,11.542372881355933,30.89830508474576,59
D047,5 Series,East,2294,38.88135593220339,74.72881355932203,59
D188,i4,South,1381,23.406779661016948,54.40677966101695,59
D225,2 Series,West,1182,20.033898305084747,36.220338983050844,59
D198,iX3,North,1406,23.83050847457627,31.949152542372882,59
D160,i7,West,945,16.016949152542374,37.847457627118644,59
D174,3 Series,West,2594,43.96610169491525,88.44067796610169,59
D224,i4,South,1207,20.45762711864407,59.11864406779661,59
D139,i7,South,928,15.728813559322035,33.59322033898305,59
D152,iX1,South,2077,35.20338983050848,75.33898305084746,59
D244,X1,West,2678,45.389830508474574,80.71186440677967,59
D022,X7,South,1514,25.661016949152543,34.610169491525426,59
D048,i7,Central,793,13.440677966101696,28.033898305084747,59
D057,X3,East,2443,41.40677966101695,89.03389830508475,59
D005,i7,East,634,10.745762711864407,32.152542372881356,59
D011,i4,East,1337,22.661016949152543,42.0,59
D018,5 Series,North,1263,21.406779661016948,36.96610169491525,59
D041,iX3,North,1802,30.54237288135593,80.01694915254237,59
D102,X5,North,1300,22.033898305084747,33.86440677966102,59
D043,X7,West,1268,21.491525423728813,71.0,59
D032,5 Series,South,2378,40.30508474576271,98.91525423728814,59
D128,2 Series,West,2192,37.152542372881356,90.7457627118644,59
D168,X7,North,1062,18.0,37.440677966101696,59
D205,iX3,East,1504,25.491525423728813,34.779661016949156,59
D151,iX,Central,1355,22.966101694915253,50.54237288135593,59
D218,iX3,North,1495,25.338983050847457,73.32203389830508,59
D183,7 Series,East,827,14.016949152542374,24.406779661016948,59
D163,2 Series,East,971,16.45762711864407,27.559322033898304,59
D237,iX1,West,1765,29.915254237288135,66.16949152542372,59
D243,5 Series,North,1941,32.898305084745765,74.54237288135593,59
D250,X3,North,2253,38.186440677966104,126.15254237288136,59
D026,i5,West,2476,41.96610169491525,99.7457627118644,59
D083,3 Series,North,1741,29.508474576271187,63.74576271186441,59
D069,i7,North,914,15.491525423728813,24.203389830508474,59
D062,iX1,West,2816,47.728813559322035,135.9322033898305,59
D070,7 Series,East,970,16.440677966101696,22.8135593220339,59
D090,i5,Central,1352,22.915254237288135,43.32203389830509,59
D011,iX3,East,1696,28.74576271186441,44.69491525423729,59
D103,i5,Central,1113,18.864406779661017,34.32203389830509,59
D162,X1,West,3271,55.440677966101696,164.28813559322035,59
D221,X5,North,1992,33.76271186440678,80.94915254237289,59
D196,iX1,North,1993,33.779661016949156,89.44067796610169,59
D138,3 Series,North,1912,32.40677966101695,69.59322033898304,59
D242,X1,East,1404,23.796610169491526,64.91525423728814,59
D058,i4,North,1420,24.06779661016949,38.16949152542373,59
D017,X7,East,1390,23.559322033898304,52.88135593220339,59
D030,4 Series,East,716,12.135593220338983,31.54237288135593,59
D095,i4,Central,1725,29.23728813559322,79.22033898305085,59
D008,3 Series,West,2124,36.0,113.32203389830508,59
D049,iX,West,1791,30.35593220338983,59.6271186440678,59
D055,i4,East,1105,18.728813559322035,35.03389830508475,59
D149,iX1,Central,1070,18.135593220338983,39.88135593220339,59
D175,X5,West,2495,42.28813559322034,56.59322033898305,59
D193,7 Series,West,1113,18.864406779661017,45.728813559322035,59
D135,2 Series,West,1184,20.06779661016949,33.389830508474574,59
D147,i4,North,1632,27.661016949152543,48.389830508474574,59
D178,i5,North,1561,26.45762711864407,57.47457627118644,59
D179,7 Series,Central,594,10.067796610169491,27.338983050847457,59
D226,iX,South,1961,33.23728813559322,56.83050847457627,59
D248,X5,East,1870,31.694915254237287,45.847457627118644,59
D029,iX1,East,2318,39.28813559322034,91.0,59
D078,7 Series,South,1093,18.52542372881356,40.728813559322035,59
D089,i7,West,763,12.932203389830509,21.271186440677965,59
D078,X7,South,1335,22.627118644067796,27.016949152542374,59
D112,5 Series,West,2303,39.03389830508475,64.54237288135593,59
D084,i5,Central,1295,21.949152542372882,46.66101694915254,59
D002,X5,West,2233,37.847457627118644,89.38983050847457,59
D192,7 Series,West,799,13.542372881355933,27.847457627118644,59
D233,i4,North,1839,31.16949152542373,42.20338983050848,59
D234,X5,West,2803,47.50847457627118,114.8135593220339,59
D164,iX3,East,1549,26.25423728813559,75.71186440677967,59
D166,i7,Central,554,9.389830508474576,13.101694915254237,59
D187,iX,North,1443,24.45762711864407,40.88135593220339,59
D190,4 Series,South,1678,28.440677966101696,38.983050847457626,59
D204,i4,West,1707,28.93220338983051,57.152542372881356,59
D232,X7,Central,718,12.169491525423728,19.11864406779661,59
D116,X1,East,2400,40.67796610169491,143.35593220338984,59
D089,iX1,West,2593,43.94915254237288,103.64406779661017,59
D042,i4,West,2424,41.08474576271186,80.54237288135593,59
D053,i5,South,1942,32.91525423728814,73.40677966101696,59
D084,X5,Central,2068,35.05084745762712,76.89830508474576,59
D150,5 Series,North,1648,27.93220338983051,61.66101694915254,59
D194,i5,South,1744,29.559322033898304,76.64406779661017,59
D203,3 Series,East,1635,27.71186440677966,38.94915254237288,59
D224,7 Series,South,611,10.35593220338983,12.11864406779661,59
D226,2 Series,South,1689,28.627118644067796,78.28813559322033,59
D164,X1,East,2018,34.20338983050848,112.83050847457628,59
D135,X5,West,1777,30.11864406779661,57.40677966101695,59
D182,X3,North,1751,29.677966101694917,52.76271186440678,59
D248,i4,East,1423,24.11864406779661,48.932203389830505,59
D106,5 Series,West,2140,36.271186440677965,62.03389830508475,59
D064,X7,Central,1002,16.983050847457626,33.101694915254235,59
D105,iX,West,1684,28.54237288135593,86.15254237288136,59
D079,i7,East,438,7.423728813559322,11.745762711864407,59
D087,X1,North,1438,24.372881355932204,52.76271186440678,59
D023,4 Series,North,1812,30.71186440677966,43.88135593220339,59
D092,X7,Central,1182,20.033898305084747,35.88135593220339,59
D024,iX,Central,1186,20.10169491525424,41.47457627118644,59
D091,X1,East,2378,40.30508474576271,94.59322033898304,59
D147,5 Series,North,2204,37.355932203389834,100.0677966101695,59
D185,i5,East,1186,20.10169491525424,51.03389830508475,59
D212,X5,West,2333,39.54237288135593,79.0677966101695,59
D145,iX3,Central,1908,32.33898305084746,36.932203389830505,59
D228,iX3,East,1169,19.8135593220339,49.813559322033896,59
D145,2 Series,Central,1133,19.203389830508474,43.69491525423729,59
D163,3 Series,East,1778,30.135593220338983,72.96610169491525,59
D205,2 Series,East,1166,19.76271186440678,31.440677966101696,59
D126,i7,East,824,13.966101694915254,28.271186440677965,59
D154,3 Series,South,2498,42.33898305084746,89.33898305084746,59
D126,iX1,East,1834,31.084745762711865,104.8135593220339,59
D030,iX1,East,1200,20.338983050847457,50.52542372881356,59
D067,3 Series,Central,1525,25.847457627118644,52.57627118644068,59
D082,i4,East,1580,26.779661016949152,65.89830508474576,59
D090,7 Series,Central,629,10.661016949152541,12.966101694915254,59
D114,i5,East,1519,25.74576271186441,45.91525423728814,59
D017,X3,East,2228,37.76271186440678,56.20338983050848,59
D068,i4,South,1743,29.54237288135593,55.57627118644068,59
D092,2 Series,Central,1347,22.83050847457627,63.355932203389834,59
D107,3 Series,West,2897,49.101694915254235,112.84745762711864,59
D052,i5,North,1692,28.677966101694917,45.728813559322035,59
D136,5 Series,South,2717,46.05084745762712,91.72881355932203,59
D183,iX,East,1069,18.11864406779661,35.54237288135593,59
D200,i4,Central,1245,21.10169491525424,39.28813559322034,59
D231,i4,East,1607,27.23728813559322,60.40677966101695,59
D217,iX1,North,1832,31.050847457627118,109.59322033898304,59
D213,iX1,West,3274,55.49152542372882,126.11864406779661,59
D121,iX,East,1405,23.8135593220339,45.88135593220339,59
D245,2 Series,West,1472,24.949152542372882,51.847457627118644,59
D239,X7,South,1370,23.220338983050848,35.3728813559322,59
D004,X1,East,1446,24.508474576271187,45.389830508474574,59
D026,i4,West,2071,35.101694915254235,82.98305084745763,59
D113,X7,East,1075,18.220338983050848,30.796610169491526,59
D059,4 Series,West,1436,24.338983050847457,61.220338983050844,59
D079,7 Series,East,639,10.830508474576272,16.11864406779661,59
D011,3 Series,East,1710,28.983050847457626,44.28813559322034,59
D009,X3,South,1854,31.423728813559322,79.86440677966101,59
D110,X3,West,2598,44.03389830508475,95.59322033898304,59
D127,i5,North,1548,26.23728813559322,50.779661016949156,59
D144,X3,East,2588,43.86440677966102,68.8135593220339,59
D236,2 Series,West,1378,23.35593220338983,44.50847457627118,59
D186,X5,East,1350,22.88135593220339,33.42372881355932,59
D199,i5,South,1175,19.915254237288135,37.067796610169495,59
D189,i4,South,1239,21.0,59.57627118644068,59
D191,X5,West,2382,40.3728813559322,120.08474576271186,59
D226,iX3,South,2392,40.54237288135593,102.64406779661017,59
D160,iX1,West,3026,51.28813559322034,154.40677966101694,59
D187,X3,North,2893,49.03389830508475,79.37288135593221,59
D243,X7,North,1055,17.88135593220339,31.71186440677966,59
D248,X1,East,1679,28.45762711864407,54.67796610169491,59
D010,X7,North,1614,27.35593220338983,70.83050847457628,59
D027,X5,East,1707,28.93220338983051,84.32203389830508,59
D059,X1,West,2567,43.50847457627118,136.25423728813558,59
D089,X3,West,3102,52.57627118644068,119.22033898305085,59
D042,iX3,West,2042,34.610169491525426,91.67796610169492,59
D074,X3,North,2626,44.50847457627118,83.62711864406779,59
D113,2 Series,East,1415,23.983050847457626,48.45762711864407,59
D005,X1,East,2437,41.30508474576271,122.72881355932203,59
D045,X7,North,1342,22.74576271186441,35.96610169491525,59
D088,X3,South,2295,38.898305084745765,108.08474576271186,59
D142,7 Series,South,841,14.254237288135593,21.45762711864407,59
D160,2 Series,West,1588,26.915254237288135,54.54237288135593,59
D168,i5,North,1271,21.54237288135593,60.847457627118644,59
D180,X3,East,2871,48.66101694915254,131.88135593220338,59
D207,X1,West,3605,61.101694915254235,134.23728813559322,59
D133,i4,North,1476,25.016949152542374,39.30508474576271,59
D134,iX,East,1261,21.372881355932204,58.03389830508475,59
D180,iX3,East,2083,35.30508474576271,80.08474576271186,59
D244,7 Series,West,1324,22.440677966101696,45.05084745762712,59
D012,iX1,Central,1620,27.45762711864407,45.66101694915254,59
D065,i5,East,1766,29.93220338983051,41.983050847457626,59
D071,4 Series,West,2389,40.49152542372882,131.66101694915255,59
D040,iX3,West,2035,34.49152542372882,78.05084745762711,59
D044,iX3,South,1699,28.796610169491526,84.16949152542372,59
D096,i5,South,2309,39.13559322033898,77.35593220338983,59
D029,iX,East,1446,24.508474576271187,59.220338983050844,59
D043,X5,West,1729,29.305084745762713,49.728813559322035,59
D023,iX1,North,1963,33.271186440677965,69.45762711864407,59
D099,i4,West,1190,20.16949152542373,43.96610169491525,59
D045,5 Series,North,1847,31.305084745762713,49.88135593220339,59
D037,2 Series,Central,1239,21.0,39.101694915254235,59
D017,2 Series,East,1067,18.084745762711865,54.54237288135593,59
D123,i7,West,821,13.915254237288135,31.203389830508474,59
D173,i4,West,2321,39.33898305084746,116.35593220338983,59
D195,X3,Central,3598,60.983050847457626,112.62711864406779,59
D122,3 Series,West,1900,32.20338983050848,49.28813559322034,59
D190,X1,South,2411,40.86440677966102,120.69491525423729,59
D232,iX,Central,1046,17.728813559322035,27.694915254237287,59
D202,i7,Central,613,10.389830508474576,15.711864406779661,59
D201,iX1,South,2951,50.016949152542374,153.6949152542373,59
D226,X3,South,3639,61.67796610169491,167.45762711864407,59
D130,i7,West,805,13.64406779661017,18.47457627118644,59
D203,i5,East,2033,34.45762711864407,87.08474576271186,59
D124,X7,East,1041,17.64406779661017,26.966101694915253,59
D246,iX3,North,1995,33.813559322033896,79.27118644067797,59
D069,X7,North,1253,21.23728813559322,29.45762711864407,59
D105,2 Series,West,1756,29.76271186440678,57.52542372881356,59
D105,X7,West,1729,29.305084745762713,96.0,59
D108,X3,West,3431,58.152542372881356,149.5593220338983,59
D052,4 Series,North,1592,26.983050847457626,49.559322033898304,59
D166,4 Series,Central,1295,21.949152542372882,34.94915254237288,59
D182,i5,North,1177,19.949152542372882,42.25423728813559,59
D185,X3,East,2587,43.847457627118644,119.59322033898304,59
D199,iX,South,989,16.76271186440678,29.661016949152543,59
D210,5 Series,West,2270,38.47457627118644,86.89830508474576,59
D119,X7,South,1298,22.0,70.35593220338983,59
D195,X5,Central,2206,37.389830508474574,62.47457627118644,59
D210,iX,West,1800,30.508474576271187,46.67796610169491,59
D227,X3,Central,2901,49.16949152542373,142.16949152542372,59
D234,3 Series,West,1928,32.67796610169491,77.1864406779661,59
D143,X3,South,3444,58.3728813559322,112.66101694915254,59
D182,3 Series,North,1335,22.627118644067796,54.898305084745765,59
D205,4 Series,East,1375,23.305084745762713,54.11864406779661,59
D239,iX1,South,1433,24.28813559322034,49.016949152542374,59
D034,2 Series,East,810,13.728813559322035,35.0,59
D048,X3,Central,3106,52.644067796610166,82.03389830508475,59
D059,iX3,West,1558,26.406779661016948,78.7457627118644,59
D063,iX,South,1184,20.06779661016949,38.152542372881356,59
D084,X1,Central,1686,28.576271186440678,55.16949152542373,59
D009,4 Series,South,1128,19.11864406779661,26.406779661016948,59
D044,X7,South,1043,17.677966101694917,21.915254237288135,59
D182,4 Series,North,1202,20.372881355932204,44.42372881355932,59
D218,X3,North,2558,43.355932203389834,87.67796610169492,59
D123,4 Series,West,1986,33.66101694915254,89.57627118644068,59
D152,7 Series,South,681,11.542372881355933,19.661016949152543,59
D184,i5,West,2322,39.355932203389834,98.84745762711864,59
D196,3 Series,North,1724,29.220338983050848,42.152542372881356,59
D225,i5,West,1336,22.64406779661017,66.2542372881356,59
D181,iX1,Central,1649,27.949152542372882,45.016949152542374,59
D235,iX1,East,1193,20.220338983050848,49.067796610169495,59
D143,i4,South,2134,36.16949152542373,75.50847457627118,59
D156,4 Series,West,1476,25.016949152542374,37.13559322033898,59
D140,7 Series,East,831,14.084745762711865,19.406779661016948,59
D007,iX3,North,1090,18.47457627118644,34.898305084745765,59
D028,2 Series,Central,1466,24.847457627118644,33.28813559322034,59
D035,iX1,Central,1882,31.89830508474576,112.88135593220339,59
D085,X1,West,2606,44.16949152542373,66.54237288135593,59
D029,X7,East,1111,18.83050847457627,61.54237288135593,59
D106,iX3,West,1832,31.050847457627118,48.91525423728814,59
D192,i7,West,578,9.796610169491526,12.745762711864407,59
D224,iX3,South,1528,25.89830508474576,33.33898305084746,59
D235,X5,East,1520,25.76271186440678,48.66101694915254,59
D134,iX3,East,1105,18.728813559322035,28.610169491525422,59
D217,i7,North,614,10.40677966101695,14.305084745762711,59
D198,i5,North,1368,23.1864406779661,50.440677966101696,59
D236,X3,West,2873,48.69491525423729,160.45762711864407,59
D169,7 Series,South,700,11.864406779661017,32.20338983050848,59
D249,4 Series,West,1525,25.847457627118644,54.3728813559322,59
D250,X1,North,2485,42.11864406779661,84.9322033898305,59
D063,i4,South,1541,26.11864406779661,44.101694915254235,59
D077,iX,South,1556,26.372881355932204,51.71186440677966,59
D106,7 Series,West,852,14.440677966101696,29.508474576271187,59
D036,3 Series,North,2080,35.25423728813559,104.86440677966101,59
D086,3 Series,West,2411,40.86440677966102,124.13559322033899,59
D112,2 Series,West,1112,18.847457627118644,43.49152542372882,59
D099,X3,West,2686,45.52542372881356,65.28813559322033,59
D171,7 Series,North,1097,18.593220338983052,30.084745762711865,59
D180,iX1,East,1674,28.372881355932204,57.08474576271186,59
D184,i7,West,971,16.45762711864407,26.16949152542373,59
D231,2 Series,East,1153,19.54237288135593,34.50847457627118,59
D137,X1,West,3466,58.74576271186441,221.94915254237287,59
D149,i5,Central,1325,22.45762711864407,45.16949152542373,59
D161,iX3,Central,1563,26.491525423728813,57.57627118644068,59
D183,X7,East,1075,18.220338983050848,30.25423728813559,59
D170,iX3,North,1765,29.915254237288135,42.76271186440678,59
D198,X5,North,1916,32.47457627118644,43.220338983050844,59
D230,iX,North,1598,27.084745762711865,64.28813559322033,59
D004,7 Series,East,500,8.474576271186441,17.152542372881356,59
D052,2 Series,North,1377,23.338983050847457,38.83050847457627,59
D055,4 Series,East,1348,22.847457627118644,41.74576271186441,59
D112,i4,West,1597,27.06779661016949,34.11864406779661,59
D082,X7,East,1112,18.847457627118644,36.74576271186441,59
D022,X5,South,2464,41.76271186440678,95.66101694915254,59
D083,X7,North,1469,24.89830508474576,73.01694915254237,59
D003,iX,West,1665,28.220338983050848,71.42372881355932,59
D044,X5,South,2003,33.94915254237288,88.91525423728814,59
D067,5 Series,Central,2089,35.40677966101695,60.45762711864407,59
D092,X1,Central,1899,32.186440677966104,69.79661016949153,59
D143,X7,South,1391,23.576271186440678,63.728813559322035,59
D150,X5,North,1394,23.627118644067796,44.54237288135593,59
D157,X7,North,1175,19.915254237288135,29.084745762711865,59
D166,iX1,Central,1584,26.847457627118644,53.67796610169491,59
D171,i5,North,2063,34.96610169491525,95.45762711864407,59
D208,2 Series,Central,1407,23.847457627118644,39.33898305084746,59
D215,X3,West,2436,41.28813559322034,78.38983050847457,59
D217,7 Series,North,673,11.40677966101695,15.966101694915254,59
D158,X5,East,2265,38.389830508474574,133.67796610169492,59
D230,2 Series,North,1074,18.203389830508474,31.203389830508474,59
D198,i4,North,1127,19.10169491525424,56.186440677966104,59
D243,X3,North,1911,32.389830508474574,64.13559322033899,59
D057,3 Series,East,1548,26.23728813559322,52.389830508474574,59
D082,iX3,East,1816,30.779661016949152,41.96610169491525,59
D007,7 Series,North,509,8.627118644067796,15.559322033898304,59
D066,7 Series,South,1081,18.322033898305083,29.28813559322034,59
D111,5 Series,South,1445,24.491525423728813,51.96610169491525,59
D077,iX1,South,2172,36.813559322033896,48.71186440677966,59
D053,iX3,South,1605,27.203389830508474,84.57627118644068,59
D095,X5,Central,1822,30.88135593220339,82.76271186440678,59
D089,X7,West,1374,23.28813559322034,43.30508474576271,59
D093,X7,Central,1052,17.83050847457627,39.67796610169491,59
D120,3 Series,North,1193,20.220338983050848,73.35593220338983,59
D128,iX,West,2011,34.08474576271186,106.1864406779661,59
D121,3 Series,East,1527,25.88135593220339,44.71186440677966,59
D200,iX3,Central,1516,25.694915254237287,36.847457627118644,59
D211,iX,South,1521,25.779661016949152,54.86440677966102,59
D166,3 Series,Central,1300,22.033898305084747,70.69491525423729,59
D203,iX1,East,2023,34.28813559322034,75.32203389830508,59
D046,iX1,Central,1594,27.016949152542374,45.91525423728814,59
D036,5 Series,North,2443,41.40677966101695,100.61016949152543,59
D090,X3,Central,2490,42.20338983050848,146.5084745762712,59
D100,X5,North,1824,30.915254237288135,50.898305084745765,59
D051,X3,West,4371,74.08474576271186,127.35593220338983,59
D054,3 Series,East,1071,18.152542372881356,23.627118644067796,59
D040,7 Series,West,945,16.016949152542374,23.423728813559322,59
D204,5 Series,West,1610,27.28813559322034,74.23728813559322,59
D230,X7,North,1332,22.576271186440678,28.93220338983051,59
D169,i7,South,524,8.88135593220339,12.491525423728813,59
D163,X5,East,2156,36.54237288135593,59.728813559322035,59
D188,iX,South,1036,17.559322033898304,57.559322033898304,59
D233,iX3,North,1845,31.271186440677965,86.01694915254237,59
D187,7 Series,North,704,11.932203389830509,22.152542372881356,59
D171,i7,North,857,14.525423728813559,24.54237288135593,59
D170,i4,North,1208,20.47457627118644,31.440677966101696,59
D175,i5,West,2802,47.49152542372882,66.40677966101696,59
D238,7 Series,East,599,10.152542372881356,15.0,59
D240,i7,West,830,14.067796610169491,31.203389830508474,59
D002,2 Series,West,1338,22.677966101694917,58.983050847457626,59
D010,5 Series,North,2063,34.96610169491525,108.61016949152543,59
D061,iX3,Central,2059,34.898305084745765,69.77966101694915,59
D115,4 Series,East,868,14.711864406779661,40.05084745762712,59
D051,X5,West,3013,51.067796610169495,103.47457627118644,59
D001,5 Series,North,1756,29.76271186440678,92.79661016949153,59
D222,X7,East,1204,20.406779661016948,44.355932203389834,59
D146,4 Series,Central,1162,19.694915254237287,34.79661016949152,59
D153,4 Series,Central,1196,20.271186440677965,58.20338983050848,59
D192,4 Series,West,1491,25.271186440677965,53.847457627118644,59
D209,i5,South,1808,30.64406779661017,92.91525423728814,59
D135,i4,West,1649,27.949152542372882,87.69491525423729,59
D136,3 Series,South,1730,29.322033898305083,78.66101694915254,59
D157,X3,North,3349,56.76271186440678,128.77966101694915,59
D185,7 Series,East,758,12.847457627118644,18.050847457627118,59
D151,iX1,Central,2091,35.440677966101696,52.271186440677965,59
D210,X3,West,3612,61.220338983050844,136.35593220338984,59
D154,i7,South,996,16.88135593220339,28.491525423728813,59
D228,5 Series,East,1235,20.93220338983051,62.47457627118644,59
D244,X3,West,3906,66.20338983050847,158.6949152542373,59
D250,iX1,North,2272,38.50847457627118,98.40677966101696,59
D002,i7,West,672,11.389830508474576,31.71186440677966,59
D031,i4,East,1572,26.64406779661017,93.28813559322033,59
D032,iX3,South,2580,43.728813559322035,90.69491525423729,59
D107,4 Series,West,1936,32.813559322033896,71.69491525423729,59
D065,iX3,East,2040,34.57627118644068,76.86440677966101,59
D089,4 Series,West,1942,32.91525423728814,62.52542372881356,59
D092,i7,Central,738,12.508474576271187,21.915254237288135,59
D001,iX,North,1054,17.864406779661017,37.220338983050844,59
D033,i7,North,668,11.322033898305085,19.406779661016948,59
D129,i4,East,1270,21.52542372881356,53.067796610169495,59
D141,iX,Central,1327,22.491525423728813,45.91525423728814,59
D168,iX,North,1252,21.220338983050848,25.796610169491526,59
D188,X5,South,1737,29.440677966101696,62.74576271186441,59
D160,X1,West,2508,42.50847457627118,59.40677966101695,59
D220,2 Series,Central,1238,20.983050847457626,34.20338983050848,59
D125,3 Series,Central,2299,38.96610169491525,93.50847457627118,59
D221,7 Series,North,749,12.694915254237289,21.779661016949152,59
D235,3 Series,East,1191,20.1864406779661,33.69491525423729,59
D121,5 Series,East,1759,29.8135593220339,38.559322033898304,59
D174,i5,West,2418,40.983050847457626,97.79661016949153,59
D136,X5,South,2593,43.94915254237288,139.35593220338984,59
D247,3 Series,West,1921,32.559322033898304,54.3728813559322,59
D238,i4,East,1090,18.47457627118644,30.54237288135593,59
D243,iX3,North,1211,20.52542372881356,50.59322033898305,59
D078,X5,South,2764,46.847457627118644,93.11864406779661,59
D100,i4,North,1485,25.16949152542373,63.03389830508475,59
D023,7 Series,North,827,14.016949152542374,24.322033898305083,59
D113,7 Series,East,713,12.084745762711865,30.694915254237287,59
D019,i7,Central,420,7.11864406779661,9.677966101694915,59
D056,iX1,North,1449,24.559322033898304,41.983050847457626,59
D081,X1,Central,2669,45.23728813559322,130.38983050847457,59
D189,X1,South,1838,31.152542372881356,51.559322033898304,59
D128,X3,West,4300,72.88135593220339,175.03389830508473,59
D137,iX,West,2419,41.0,114.54237288135593,59
D182,X5,North,1708,28.949152542372882,60.20338983050848,59
D151,X3,Central,2677,45.3728813559322,89.42372881355932,59
D122,X3,West,2368,40.13559322033898,128.15254237288136,59
D153,X7,Central,1311,22.220338983050848,43.0,59
D173,3 Series,West,2540,43.05084745762712,98.15254237288136,59
D194,X3,South,2329,39.47457627118644,112.22033898305085,59
D220,X5,Central,2209,37.440677966101696,77.37288135593221,59
D250,X5,North,2219,37.610169491525426,82.66101694915254,59
D241,i7,North,620,10.508474576271187,18.508474576271187,59
D047,4 Series,East,1526,25.864406779661017,48.3728813559322,59
D090,i4,Central,1320,22.372881355932204,42.28813559322034,59
D107,7 Series,West,1518,25.728813559322035,48.94915254237288,59
D040,X5,West,2254,38.20338983050848,99.35593220338983,59
D071,i4,West,2206,37.389830508474574,61.20338983050848,59
D062,4 Series,West,2182,36.983050847457626,78.2542372881356,59
D103,7 Series,Central,511,8.661016949152541,10.084745762711865,59
D060,4 Series,West,1058,17.93220338983051,30.627118644067796,59
D051,i4,West,2296,38.91525423728814,67.23728813559322,59
D169,i4,South,1113,18.864406779661017,26.10169491525424,59
D187,3 Series,North,1676,28.406779661016948,70.83050847457628,59
D169,iX,South,1217,20.627118644067796,45.16949152542373,59
D041,X3,North,2578,43.69491525423729,155.10169491525423,59
D052,iX3,North,2097,35.54237288135593,77.66101694915254,59
D012,i5,Central,1558,26.406779661016948,57.76271186440678,59
D077,2 Series,South,1868,31.661016949152543,81.67796610169492,59
D064,i7,Central,556,9.423728813559322,16.10169491525424,59
D104,X3,North,2990,50.67796610169491,106.66101694915254,59
D125,i7,Central,846,14.338983050847459,20.864406779661017,59
D129,X3,East,1630,27.627118644067796,51.13559322033898,59
D208,X3,Central,2316,39.25423728813559,87.54237288135593,59
D163,iX3,East,1678,28.440677966101696,50.57627118644068,59
D170,2 Series,North,1048,17.76271186440678,42.20338983050848,59
D221,i7,North,689,11.677966101694915,20.338983050847457,59
D153,5 Series,Central,2087,35.3728813559322,116.16949152542372,59
D245,X3,West,3191,54.08474576271186,145.76271186440678,59
D244,iX,West,1957,33.16949152542373,58.40677966101695,59
D006,4 Series,Central,1210,20.508474576271187,42.6271186440678,59
D017,7 Series,East,872,14.779661016949152,30.779661016949152,59
D050,2 Series,West,1811,30.694915254237287,44.11864406779661,59
D061,i7,Central,817,13.847457627118644,18.16949152542373,59
D067,4 Series,Central,1083,18.35593220338983,58.32203389830509,59
D001,3 Series,North,1348,22.847457627118644,70.98305084745763,59
D097,iX1,South,1679,28.45762711864407,79.64406779661017,59
D012,i7,Central,650,11.016949152542374,17.271186440677965,59
D070,2 Series,East,1501,25.440677966101696,41.91525423728814,59
D126,3 Series,East,1657,28.084745762711865,46.101694915254235,59
D154,X5,South,3251,55.101694915254235,173.135593220339,59
D155,3 Series,East,1283,21.74576271186441,39.83050847457627,59
D176,5 Series,East,1258,21.322033898305083,53.271186440677965,59
D184,5 Series,West,2570,43.559322033898304,100.72881355932203,59
D165,7 Series,East,572,9.694915254237289,11.88135593220339,59
D180,5 Series,East,2009,34.05084745762712,67.2542372881356,59
D152,4 Series,South,1394,23.627118644067796,46.898305084745765,59
D180,X7,East,1203,20.389830508474578,32.86440677966102,59
D186,X7,East,868,14.711864406779661,32.52542372881356,59
D229,iX3,East,1259,21.338983050847457,51.610169491525426,59
D246,5 Series,North,2270,38.47457627118644,77.94915254237289,59
D017,5 Series,East,1543,26.152542372881356,58.32203389830509,59
D100,X7,North,1283,21.74576271186441,38.94915254237288,59
D022,X3,South,3172,53.76271186440678,98.11864406779661,59
D053,5 Series,South,2451,41.54237288135593,83.40677966101696,59
D104,X7,North,1463,24.796610169491526,67.64406779661017,59
D130,7 Series,West,1019,17.271186440677965,36.76271186440678,59
D190,5 Series,South,2071,35.101694915254235,49.355932203389834,59
D222,3 Series,East,1784,30.23728813559322,55.52542372881356,59
D231,iX3,East,1478,25.050847457627118,53.47457627118644,59
D143,iX,South,1677,28.423728813559322,41.779661016949156,59
D164,7 Series,East,988,16.74576271186441,27.796610169491526,59
D229,X5,East,1475,25.0,44.49152542372882,59
D185,4 Series,East,1389,23.54237288135593,38.23728813559322,59
D185,5 Series,East,1931,32.728813559322035,71.20338983050847,59
D009,7 Series,South,702,11.898305084745763,19.10169491525424,59
D041,i4,North,1506,25.52542372881356,48.13559322033898,59
D089,2 Series,West,1383,23.440677966101696,52.91525423728814,59
D031,iX,East,1224,20.74576271186441,33.11864406779661,59
D039,2 Series,South,1587,26.89830508474576,46.813559322033896,59
D006,iX3,Central,2013,34.11864406779661,51.59322033898305,59
D031,5 Series,East,2004,33.96610169491525,87.37288135593221,59
D099,3 Series,West,1573,26.661016949152543,57.813559322033896,59
D090,iX,Central,1283,21.74576271186441,57.69491525423729,59
D021,2 Series,East,1047,17.74576271186441,39.271186440677965,59
D066,iX,South,2047,34.69491525423729,95.98305084745763,59
D094,iX3,South,1705,28.89830508474576,71.44067796610169,59
D137,7 Series,West,1154,19.559322033898304,31.322033898305083,59
D160,5 Series,West,2718,46.067796610169495,93.83050847457628,59
D187,iX1,North,1628,27.593220338983052,47.42372881355932,59
D217,3 Series,North,1374,23.28813559322034,41.0,59
D150,i7,North,534,9.05084745762712,18.406779661016948,59
D191,iX,West,1921,32.559322033898304,70.05084745762711,59
D199,iX3,South,1221,20.694915254237287,38.898305084745765,59
D214,X5,East,1870,31.694915254237287,69.0677966101695,59
D201,7 Series,South,894,15.152542372881356,34.67796610169491,59
D224,iX,South,1072,18.16949152542373,25.06779661016949,59
D231,4 Series,East,1432,24.271186440677965,58.101694915254235,59
D162,7 Series,West,1104,18.71186440677966,32.76271186440678,59
D250,i4,North,1454,24.64406779661017,42.71186440677966,59
D032,X5,South,2651,44.932203389830505,87.1864406779661,59
D051,i5,West,2252,38.16949152542373,59.898305084745765,59
D060,iX3,West,1831,31.033898305084747,70.08474576271186,59
D042,2 Series,West,2076,35.186440677966104,93.8135593220339,59
D061,5 Series,Central,2307,39.101694915254235,96.8135593220339,59
D107,i5,West,2854,48.3728813559322,172.76271186440678,59
D050,iX,West,2140,36.271186440677965,57.76271186440678,59
D083,iX,North,1585,26.864406779661017,60.33898305084746,59
D113,X1,East,2427,41.13559322033898,136.5084745762712,59
D224,2 Series,South,945,16.016949152542374,20.440677966101696,59
D177,X5,West,2993,50.728813559322035,152.11864406779662,59
D215,7 Series,West,920,15.59322033898305,40.25423728813559,59
D241,i5,North,1717,29.10169491525424,50.728813559322035,59
D242,X7,East,689,11.677966101694915,15.898305084745763,59
D245,i7,West,1016,17.220338983050848,45.59322033898305,59
D249,iX3,West,2357,39.94915254237288,86.57627118644068,59
D015,iX3,West,1676,28.406779661016948,94.23728813559322,59
D033,2 Series,North,1086,18.406779661016948,31.83050847457627,59
D046,iX3,Central,1311,22.220338983050848,33.16949152542373,59
D079,i4,East,1016,17.220338983050848,22.372881355932204,59
D101,4 Series,Central,1476,25.016949152542374,51.76271186440678,59
D069,i5,North,2073,35.13559322033898,114.88135593220339,59
D120,i7,North,593,10.05084745762712,18.83050847457627,59
D208,X7,Central,1171,19.847457627118644,55.57627118644068,59
D209,X1,South,2902,49.186440677966104,151.96610169491527,59
D147,X3,North,2809,47.610169491525426,165.3050847457627,59
D190,i7,South,789,13.372881355932204,20.728813559322035,59
D227,iX,Central,1315,22.28813559322034,50.271186440677965,59
D229,X1,East,1583,26.83050847457627,77.59322033898304,59
D161,4 Series,Central,1225,20.76271186440678,32.20338983050848,59
D057,X1,East,2537,43.0,89.45762711864407,59
D048,iX1,Central,2002,33.932203389830505,59.152542372881356,59
D064,i4,Central,1120,18.983050847457626,44.40677966101695,59
D079,iX,East,889,15.067796610169491,18.8135593220339,59
D077,5 Series,South,2485,42.11864406779661,89.20338983050847,59
D108,iX1,West,3117,52.83050847457627,112.35593220338983,59
D114,4 Series,East,1250,21.1864406779661,32.3728813559322,59
D115,2 Series,East,803,13.610169491525424,20.491525423728813,59
D105,4 Series,West,1466,24.847457627118644,46.67796610169491,59
D073,X7,East,1036,17.559322033898304,24.64406779661017,59
D091,7 Series,East,957,16.220338983050848,32.25423728813559,59
D137,4 Series,West,2140,36.271186440677965,72.05084745762711,59
D143,5 Series,South,2572,43.59322033898305,87.52542372881356,59
D152,5 Series,South,1671,28.322033898305083,64.61016949152543,59
D122,X1,West,2451,41.54237288135593,109.35593220338983,59
D191,2 Series,West,1836,31.11864406779661,61.67796610169491,59
D202,X3,Central,2523,42.76271186440678,100.84745762711864,59
D197,5 Series,South,2468,41.83050847457627,123.35593220338983,59
D214,iX3,East,1506,25.52542372881356,62.11864406779661,59
D180,7 Series,East,934,15.830508474576272,26.576271186440678,59
D209,2 Series,South,1280,21.694915254237287,51.20338983050848,59
D249,5 Series,West,1887,31.983050847457626,82.37288135593221,59
D083,4 Series,North,1491,25.271186440677965,53.23728813559322,59
D102,i7,North,444,7.52542372881356,12.254237288135593,59
D031,7 Series,East,900,15.254237288135593,25.1864406779661,59
D096,2 Series,South,1424,24.135593220338983,44.25423728813559,59
D100,i7,North,711,12.05084745762712,16.71186440677966,59
D002,7 Series,West,774,13.11864406779661,20.11864406779661,59
D096,X7,South,1519,25.74576271186441,47.69491525423729,59
D022,iX1,South,1545,26.1864406779661,41.52542372881356,59
D182,X7,North,961,16.28813559322034,21.949152542372882,59
D206,i5,South,1495,25.338983050847457,42.25423728813559,59
D214,iX,East,1142,19.35593220338983,30.610169491525422,59
D135,5 Series,West,1716,29.084745762711865,54.30508474576271,59
D148,X3,South,2780,47.11864406779661,157.47457627118644,59
D177,iX1,West,2055,34.83050847457627,74.11864406779661,59
D215,iX,West,1388,23.52542372881356,65.96610169491525,59
D218,X5,North,2096,35.52542372881356,64.1864406779661,59
D249,i5,West,2285,38.728813559322035,92.98305084745763,59
D248,7 Series,East,837,14.186440677966102,31.06779661016949,59
D028,X3,Central,2984,50.57627118644068,111.10169491525424,59
D102,2 Series,North,993,16.83050847457627,45.559322033898304,59
D033,iX,North,1531,25.949152542372882,74.01694915254237,59
D099,7 Series,West,868,14.711864406779661,29.45762711864407,59
D014,3 Series,West,1686,28.576271186440678,75.79661016949153,59
D066,5 Series,South,2391,40.52542372881356,117.96610169491525,59
D195,i5,Central,2045,34.66101694915254,77.01694915254237,59
D231,i7,East,601,10.186440677966102,13.983050847457626,59
D140,5 Series,East,1676,28.406779661016948,60.6271186440678,59
D187,i5,North,1564,26.508474576271187,60.813559322033896,59
D137,i5,West,2435,41.271186440677965,96.33898305084746,59
D161,X5,Central,1925,32.6271186440678,76.33898305084746,59
D005,4 Series,East,1077,18.25423728813559,48.13559322033898,59
D006,X1,Central,2694,45.66101694915254,126.27118644067797,59
D028,i5,Central,2185,37.03389830508475,92.57627118644068,59
D039,X3,South,3858,65.38983050847457,150.77966101694915,59
D016,iX1,West,2428,41.152542372881356,121.27118644067797,59
D063,5 Series,South,2193,37.16949152542373,97.27118644067797,59
D013,2 Series,West,1903,32.25423728813559,84.76271186440678,59
D039,i5,South,2253,38.186440677966104,75.01694915254237,59
D087,i4,North,1013,17.16949152542373,33.69491525423729,59
D089,i4,West,1893,32.08474576271186,45.983050847457626,59
D007,X3,North,1726,29.25423728813559,66.54237288135593,59
D108,i5,West,2590,43.898305084745765,126.7457627118644,59
D030,5 Series,East,1487,25.203389830508474,44.644067796610166,59
D109,5 Series,East,1785,30.25423728813559,91.23728813559322,59
D162,3 Series,West,2298,38.94915254237288,75.69491525423729,59
D181,X3,Central,2378,40.30508474576271,72.61016949152543,59
D196,4 Series,North,1579,26.76271186440678,70.32203389830508,59
D139,X5,South,2314,39.220338983050844,98.05084745762711,59
D224,iX1,South,1348,22.847457627118644,43.152542372881356,59
D171,2 Series,North,1362,23.084745762711865,42.25423728813559,59
D206,iX,South,1310,22.203389830508474,47.66101694915254,59
D156,i4,West,1329,22.52542372881356,44.983050847457626,59
D195,X1,Central,2064,34.983050847457626,74.62711864406779,59
D038,i4,Central,1094,18.54237288135593,52.559322033898304,59
D090,X7,Central,947,16.050847457627118,28.220338983050848,59
D105,X3,West,3645,61.779661016949156,196.10169491525423,59
D057,iX1,East,2293,38.86440677966102,105.9322033898305,59
D112,i5,West,1799,30.491525423728813,44.45762711864407,59
D009,i7,South,455,7.711864406779661,10.423728813559322,59
D202,7 Series,Central,748,12.677966101694915,14.813559322033898,59
D178,5 Series,North,2110,35.76271186440678,99.2542372881356,59
D158,3 Series,East,1512,25.627118644067796,72.89830508474576,59
D170,iX1,North,2013,34.11864406779661,60.20338983050848,59
D215,iX1,West,2430,41.186440677966104,113.89830508474576,59
D158,2 Series,East,1361,23.06779661016949,34.16949152542373,59
D210,3 Series,West,2532,42.91525423728814,108.27118644067797,59
D205,i5,East,1552,26.305084745762713,42.16949152542373,59
D237,7 Series,West,642,10.88135593220339,14.728813559322035,59
D246,X3,North,3029,51.33898305084746,114.22033898305085,59
D025,X7,West,1041,17.64406779661017,30.559322033898304,59
D051,i7,West,774,13.11864406779661,24.93220338983051,59
D079,X1,East,1227,20.796610169491526,41.47457627118644,59
D100,4 Series,North,1425,24.152542372881356,42.13559322033898,59
D085,iX1,West,2747,46.559322033898304,73.8135593220339,59
D035,X1,Central,2137,36.220338983050844,80.57627118644068,59
D049,i4,West,1922,32.57627118644068,77.69491525423729,59
D046,5 Series,Central,1554,26.338983050847457,55.54237288135593,59
D058,X1,North,1868,31.661016949152543,59.79661016949152,59
D066,X3,South,2952,50.03389830508475,133.8135593220339,59
D178,X1,North,2497,42.32203389830509,84.44067796610169,59
D189,7 Series,South,632,10.711864406779661,12.610169491525424,59
D223,3 Series,West,2314,39.220338983050844,83.44067796610169,59
D178,X7,North,1383,23.440677966101696,52.13559322033898,59
D192,X7,West,1173,19.88135593220339,48.779661016949156,59
D127,4 Series,North,1276,21.627118644067796,32.898305084745765,59
D232,X5,Central,1356,22.983050847457626,39.067796610169495,59
D241,5 Series,North,1897,32.152542372881356,113.33898305084746,59
D015,7 Series,West,897,15.203389830508474,36.3728813559322,59
D074,5 Series,North,2569,43.54237288135593,62.33898305084746,59
D099,i5,West,1759,29.8135593220339,63.101694915254235,59
D110,X7,West,1406,23.83050847457627,64.03389830508475,59
D111,i7,South,619,10.491525423728813,13.389830508474576,59
D010,X3,North,2589,43.88135593220339,87.67796610169492,59
D029,iX3,East,1927,32.66101694915254,83.44067796610169,59
D039,7 Series,South,923,15.64406779661017,24.83050847457627,59
D041,X1,North,2832,48.0,142.66101694915255,59
D060,X7,West,1365,23.135593220338983,46.96610169491525,59
D107,iX3,West,2365,40.08474576271186,88.98305084745763,59
D040,X1,West,2702,45.79661016949152,108.83050847457628,59
D070,X7,East,1280,21.694915254237287,38.59322033898305,59
D072,2 Series,North,1489,25.23728813559322,53.74576271186441,59
D023,3 Series,North,2190,37.11864406779661,91.03389830508475,59
D096,X3,South,3658,62.0,157.79661016949152,59
D127,X1,North,2086,35.355932203389834,83.66101694915254,59
D128,i5,West,2336,39.59322033898305,129.0677966101695,59
D187,2 Series,North,1413,23.949152542372882,37.40677966101695,59
D223,iX,West,1749,29.64406779661017,86.72881355932203,59
D147,X1,North,2405,40.76271186440678,110.84745762711864,59
D188,iX3,South,1317,22.322033898305083,39.71186440677966,59
D227,5 Series,Central,1716,29.084745762711865,50.13559322033898,59
D140,i7,East,682,11.559322033898304,30.0,59
D177,iX,West,1800,30.508474576271187,69.54237288135593,59
D156,X5,West,2326,39.42372881355932,99.05084745762711,59
D172,7 Series,North,952,16.135593220338983,20.10169491525424,59
D234,iX3,West,2277,38.59322033898305,91.30508474576271,59
D237,X5,West,2063,34.96610169491525,73.1864406779661,59
D239,i4,South,1672,28.338983050847457,71.57627118644068,59
D073,X1,East,2756,46.71186440677966,202.135593220339,59
D069,4 Series,North,1459,24.728813559322035,62.20338983050848,59
D081,7 Series,Central,875,14.830508474576272,22.47457627118644,59
D008,2 Series,West,1385,23.47457627118644,41.47457627118644,59
D113,i7,East,732,12.40677966101695,23.47457627118644,59
D039,X1,South,2444,41.42372881355932,103.33898305084746,59
D202,5 Series,Central,2151,36.45762711864407,105.38983050847457,59
D213,i5,West,2041,34.59322033898305,101.32203389830508,59
D215,X7,West,1572,26.64406779661017,53.0,59
D175,X7,West,2162,36.644067796610166,81.2542372881356,59
D191,X3,West,2867,48.59322033898305,118.40677966101696,59
D247,X1,West,1727,29.271186440677965,70.76271186440678,59
D237,i4,West,1597,27.06779661016949,60.49152542372882,59
D012,5 Series,Central,1854,31.423728813559322,77.77966101694915,59
D026,i7,West,1035,17.54237288135593,35.25423728813559,59
D096,X5,South,2268,38.440677966101696,60.76271186440678,59
D037,iX1,Central,1523,25.8135593220339,40.66101694915254,59
D065,3 Series,East,1707,28.93220338983051,61.74576271186441,59
D053,i4,South,1943,32.932203389830505,71.77966101694915,59
D042,3 Series,West,2337,39.610169491525426,94.72881355932203,59
D038,X3,Central,1818,30.8135593220339,64.76271186440678,59
D063,X3,South,2593,43.94915254237288,75.88135593220339,59
D112,X7,West,1224,20.74576271186441,65.72881355932203,59
D108,iX3,West,2327,39.440677966101696,75.08474576271186,59
D131,iX,East,1224,20.74576271186441,40.355932203389834,59
D174,X3,West,3598,60.983050847457626,84.45762711864407,59
D186,iX1,East,1500,25.423728813559322,53.30508474576271,59
D143,iX1,South,2974,50.40677966101695,142.66101694915255,59
D165,iX3,East,1480,25.084745762711865,55.13559322033898,59
D232,X1,Central,1910,32.3728813559322,71.55932203389831,59
D171,X5,North,2772,46.983050847457626,105.66101694915254,59
D208,X1,Central,2771,46.96610169491525,93.50847457627118,59
D183,i7,East,513,8.694915254237289,11.423728813559322,59
D242,i5,East,1383,23.440677966101696,40.728813559322035,59
D244,i7,West,847,14.35593220338983,21.559322033898304,59
D009,iX3,South,1224,20.74576271186441,35.08474576271186,59
D086,5 Series,West,2130,36.101694915254235,82.42372881355932,59
D118,iX,North,1177,19.949152542372882,46.016949152542374,59
D012,3 Series,Central,1575,26.694915254237287,53.220338983050844,59
D028,i4,Central,1522,25.796610169491526,74.69491525423729,59
D141,iX1,Central,1712,29.016949152542374,60.847457627118644,59
D150,3 Series,North,1448,24.54237288135593,45.559322033898304,59
D124,X1,East,2298,38.94915254237288,73.27118644067797,59
D224,4 Series,South,1027,17.406779661016948,29.322033898305083,59
D230,i7,North,609,10.322033898305085,14.559322033898304,59
D154,iX,South,1620,27.45762711864407,45.898305084745765,59
D149,X7,Central,829,14.05084745762712,24.050847457627118,59
D185,iX,East,1482,25.11864406779661,66.50847457627118,59
D223,i7,West,803,13.610169491525424,30.10169491525424,59
D142,3 Series,South,1682,28.508474576271187,66.42372881355932,59
D212,iX1,West,1673,28.35593220338983,93.37288135593221,59
D134,X3,East,2496,42.30508474576271,106.15254237288136,59
D002,iX1,West,1919,32.52542372881356,52.28813559322034,59
D039,iX1,South,3071,52.05084745762712,148.54237288135593,59
D039,iX,South,1580,26.779661016949152,41.66101694915254,59
D066,iX3,South,1968,33.355932203389834,64.44067796610169,59
D015,5 Series,West,2599,44.05084745762712,94.59322033898304,59
D072,iX,North,1771,30.016949152542374,49.49152542372882,59
D078,i4,South,1854,31.423728813559322,64.64406779661017,59
D030,i7,East,477,8.084745762711865,9.694915254237289,59
D176,iX1,East,1135,19.23728813559322,30.423728813559322,59
D219,X7,East,909,15.40677966101695,33.440677966101696,59
D143,2 Series,South,2014,34.13559322033898,64.52542372881356,59
D148,i4,South,1974,33.45762711864407,101.88135593220339,59
D183,3 Series,East,1309,22.1864406779661,60.779661016949156,59
D232,7 Series,Central,518,8.779661016949152,15.322033898305085,59
D203,iX3,East,2070,35.08474576271186,76.05084745762711,59
D134,2 Series,East,1061,17.983050847457626,34.152542372881356,59
D159,iX1,East,1808,30.64406779661017,47.33898305084746,59
D198,i7,North,688,11.661016949152541,23.8135593220339,59
D199,i7,South,605,10.254237288135593,18.372881355932204,59
D144,X1,East,2157,36.559322033898304,117.55932203389831,59
D241,iX1,North,2321,39.33898305084746,103.96610169491525,59
D237,4 Series,West,1270,21.52542372881356,26.89830508474576,59
D051,X7,West,2024,34.30508474576271,65.50847457627118,59
D082,iX,East,1269,21.508474576271187,50.05084745762712,59
D092,3 Series,Central,1949,33.03389830508475,86.77966101694915,59
D030,3 Series,East,1257,21.305084745762713,31.406779661016948,59
D047,i5,East,1727,29.271186440677965,65.72881355932203,59
D111,iX1,South,1579,26.76271186440678,58.932203389830505,59
D065,i7,East,682,11.559322033898304,21.694915254237287,59
D086,i4,West,1815,30.76271186440678,45.847457627118644,59
D110,5 Series,West,2701,45.779661016949156,137.23728813559322,59
D123,3 Series,West,2364,40.067796610169495,75.52542372881356,59
D135,3 Series,West,1927,32.66101694915254,47.86440677966102,59
D200,X1,Central,2021,34.25423728813559,62.271186440677965,59
D184,i4,West,2384,40.40677966101695,67.23728813559322,59
D204,i7,West,528,8.94915254237288,16.71186440677966,59
D231,X1,East,1548,26.23728813559322,72.03389830508475,59
D158,7 Series,East,846,14.338983050847459,23.423728813559322,59
D164,5 Series,East,2070,35.08474576271186,99.10169491525424,59
D206,iX1,South,1760,29.83050847457627,40.932203389830505,59
D187,5 Series,North,1692,28.677966101694917,73.9322033898305,59
D223,4 Series,West,1403,23.779661016949152,42.88135593220339,59
D186,X1,East,1456,24.677966101694917,51.101694915254235,59
D145,X5,Central,1779,30.152542372881356,66.67796610169492,59
D186,7 Series,East,485,8.220338983050848,10.94915254237288,59
D148,X7,South,1753,29.71186440677966,64.50847457627118,59
D016,i4,West,2312,39.186440677966104,71.66101694915254,59
D023,X7,North,1335,22.627118644067796,44.30508474576271,59
D109,X5,East,1869,31.677966101694917,58.898305084745765,59
D018,iX,North,945,16.016949152542374,36.30508474576271,59
D038,i7,Central,405,6.864406779661017,8.915254237288135,59
D195,2 Series,Central,1474,24.983050847457626,73.45762711864407,59
D144,i5,East,1277,21.64406779661017,31.45762711864407,59
D173,iX,West,2232,37.83050847457627,123.88135593220339,59
D172,iX,North,1533,25.983050847457626,43.94915254237288,59
D181,5 Series,Central,2077,35.20338983050848,80.7457627118644,59
D120,7 Series,North,543,9.203389830508474,13.474576271186441,59
D151,X5,Central,2080,35.25423728813559,68.05084745762711,59
D164,i5,East,1727,29.271186440677965,58.559322033898304,59
D185,3 Series,East,1397,23.677966101694917,68.42372881355932,59
D016,X5,West,2613,44.28813559322034,121.7457627118644,59
D032,4 Series,South,1919,32.52542372881356,50.59322033898305,59
D054,2 Series,East,830,14.067796610169491,24.0,59
D003,X7,West,1719,29.135593220338983,51.86440677966102,59
D052,iX,North,1343,22.76271186440678,51.59322033898305,59
D009,2 Series,South,1098,18.610169491525422,34.69491525423729,59
D164,2 Series,East,1575,26.694915254237287,56.45762711864407,59
D147,iX1,North,1972,33.42372881355932,75.67796610169492,59
D169,iX3,South,1587,26.89830508474576,71.57627118644068,59
D236,X5,West,2289,38.79661016949152,114.0677966101695,59
D153,X3,Central,2508,42.50847457627118,84.71186440677967,59
D206,X1,South,2302,39.016949152542374,79.96610169491525,59
D158,X1,East,2295,38.898305084745765,68.11864406779661,59
D175,i4,West,2488,42.16949152542373,71.71186440677967,59
D245,3 Series,West,3019,51.16949152542373,118.76271186440678,59
D051,iX3,West,1933,32.76271186440678,66.96610169491525,59
D088,i7,South,603,10.220338983050848,11.64406779661017,59
D035,3 Series,Central,1884,31.93220338983051,78.88135593220339,59
D039,4 Series,South,1779,30.152542372881356,56.52542372881356,59
D117,X3,North,2666,45.186440677966104,90.0,59
D029,X1,East,2606,44.16949152542373,121.72881355932203,59
D101,iX,Central,1747,29.610169491525422,49.16949152542373,59
D109,i5,East,1178,19.966101694915253,34.101694915254235,59
D063,4 Series,South,1231,20.864406779661017,30.915254237288135,59
D089,iX,West,1674,28.372881355932204,68.64406779661017,59
D097,7 Series,South,778,13.186440677966102,26.016949152542374,59
D136,iX,South,1597,27.06779661016949,48.389830508474574,59
D124,7 Series,East,642,10.88135593220339,17.610169491525422,59
D140,4 Series,East,1193,20.220338983050848,34.08474576271186,59
D149,3 Series,Central,1145,19.406779661016948,46.33898305084746,59
D168,X1,North,1860,31.52542372881356,79.88135593220339,59
D189,i7,South,609,10.322033898305085,17.915254237288135,59
D173,X5,West,3332,56.47457627118644,162.88135593220338,59
D175,i7,West,1032,17.491525423728813,30.305084745762713,59
D175,iX1,West,2458,41.66101694915254,119.35593220338983,59
D238,4 Series,East,1157,19.610169491525422,34.355932203389834,59
D238,2 Series,East,868,14.711864406779661,22.966101694915253,59
D007,X1,North,1889,32.016949152542374,87.13559322033899,59
D035,2 Series,Central,1088,18.440677966101696,31.864406779661017,59
D036,X3,North,3487,59.101694915254235,86.94915254237289,59
D080,4 Series,West,2457,41.644067796610166,65.61016949152543,59
D081,iX1,Central,1945,32.96610169491525,90.9322033898305,59
D013,i4,West,1933,32.76271186440678,46.45762711864407,59
D075,5 Series,West,1713,29.033898305084747,58.47457627118644,59
D095,2 Series,Central,1523,25.8135593220339,57.05084745762712,59
D038,5 Series,Central,1121,19.0,30.779661016949152,59
D139,i5,South,2195,37.20338983050848,59.57627118644068,59
D170,4 Series,North,1149,19.47457627118644,46.86440677966102,59
D186,iX3,East,1082,18.338983050847457,39.74576271186441,59
D217,iX3,North,1594,27.016949152542374,55.66101694915254,59
D141,4 Series,Central,1153,19.54237288135593,39.6271186440678,59
D180,4 Series,East,1264,21.423728813559322,43.559322033898304,59
D227,X5,Central,1854,31.423728813559322,91.44067796610169,59
D150,iX,North,967,16.389830508474578,21.06779661016949,59
D220,i4,Central,1526,25.864406779661017,57.47457627118644,59
D127,2 Series,North,984,16.677966101694917,29.389830508474578,59
D032,X3,South,3572,60.54237288135593,109.40677966101696,59
D071,iX1,West,2511,42.559322033898304,70.66101694915254,59
D020,2 Series,East,1216,20.610169491525422,29.10169491525424,59
D088,5 Series,South,1570,26.610169491525422,49.932203389830505,59
D109,iX,East,1133,19.203389830508474,35.11864406779661,59
D112,iX1,West,2063,34.96610169491525,81.32203389830508,59
D013,7 Series,West,1170,19.83050847457627,29.152542372881356,59
D086,iX,West,1786,30.271186440677965,68.72881355932203,59
D093,5 Series,Central,1786,30.271186440677965,71.83050847457628,59
D012,X3,Central,1977,33.50847457627118,93.03389830508475,59
D096,X1,South,2577,43.67796610169491,89.11864406779661,59
D057,iX3,East,1653,28.016949152542374,47.66101694915254,59
D027,3 Series,East,1837,31.135593220338983,71.98305084745763,59
D133,2 Series,North,1683,28.52542372881356,72.84745762711864,59
D210,2 Series,West,1626,27.559322033898304,65.91525423728814,59
D226,X5,South,2253,38.186440677966104,79.35593220338983,59
D229,X7,East,1056,17.89830508474576,42.23728813559322,59
D122,4 Series,West,1231,20.864406779661017,42.91525423728814,59
D122,7 Series,West,950,16.10169491525424,32.220338983050844,59
D135,X3,West,2003,33.94915254237288,49.271186440677965,59
D124,4 Series,East,1467,24.864406779661017,38.186440677966104,59
D206,X5,South,2339,39.644067796610166,70.86440677966101,59
D148,X1,South,3095,52.45762711864407,118.20338983050847,59
D239,X1,South,2198,37.25423728813559,101.45762711864407,59
D058,5 Series,North,1415,23.983050847457626,47.25423728813559,59
D074,X1,North,3006,50.94915254237288,155.4406779661017,59
D115,5 Series,East,1382,23.423728813559322,36.45762711864407,59
D006,i4,Central,1549,26.25423728813559,68.03389830508475,59
D104,iX,North,1403,23.779661016949152,64.86440677966101,59
D084,i4,Central,1132,19.1864406779661,32.440677966101696,59
D044,5 Series,South,1473,24.966101694915253,41.101694915254235,59
D089,7 Series,West,1038,17.593220338983052,35.13559322033898,59
D096,4 Series,South,1469,24.89830508474576,72.69491525423729,59
D072,4 Series,North,1668,28.271186440677965,50.389830508474574,59
D018,X1,North,1613,27.338983050847457,69.62711864406779,59
D093,X5,Central,1899,32.186440677966104,58.96610169491525,59
D100,2 Series,North,975,16.52542372881356,28.915254237288135,59
D207,iX,West,2374,40.23728813559322,130.77966101694915,59
D136,i4,South,1591,26.966101694915253,64.89830508474576,59
D165,i4,East,941,15.94915254237288,19.338983050847457,59
D155,iX3,East,1574,26.677966101694917,62.271186440677965,59
D160,4 Series,West,1602,27.152542372881356,41.13559322033898,59
D163,7 Series,East,699,11.847457627118644,18.135593220338983,59
D197,i7,South,849,14.389830508474576,28.491525423728813,59
D133,7 Series,North,837,14.186440677966102,30.64406779661017,59
D157,4 Series,North,1705,28.89830508474576,59.76271186440678,59
D126,X7,East,1396,23.661016949152543,51.220338983050844,59
D037,i7,Central,696,11.796610169491526,18.23728813559322,59
D076,iX,East,1429,24.220338983050848,56.05084745762712,59
D084,2 Series,Central,1098,18.610169491525422,52.220338983050844,59
D076,X7,East,1328,22.508474576271187,34.152542372881356,59
D085,iX3,West,2018,34.20338983050848,67.7457627118644,59
D114,X1,East,2038,34.54237288135593,82.01694915254237,59
D104,4 Series,North,1240,21.016949152542374,48.33898305084746,59
D111,4 Series,South,1335,22.627118644067796,38.610169491525426,59
D071,X7,West,2091,35.440677966101696,76.50847457627118,59
D046,X3,Central,1992,33.76271186440678,73.40677966101696,59
D089,X1,West,2704,45.83050847457627,149.47457627118644,59
D123,iX,West,1896,32.13559322033898,69.49152542372882,59
D166,iX3,Central,1365,23.135593220338983,58.932203389830505,59
D207,X7,West,1653,28.016949152542374,59.6271186440678,59
D147,X5,North,1924,32.610169491525426,101.22033898305085,59
D235,2 Series,East,875,14.830508474576272,24.491525423728813,59
D162,2 Series,West,1929,32.69491525423729,100.49152542372882,59
D207,3 Series,West,2871,48.66101694915254,121.10169491525424,59
D127,X3,North,2076,35.186440677966104,108.94915254237289,59
D126,X3,East,3018,51.152542372881356,176.40677966101694,59
D091,i4,East,1217,20.627118644067796,34.83050847457627,59
D031,3 Series,East,1738,29.45762711864407,37.13559322033898,59
D113,i5,East,1423,24.11864406779661,43.59322033898305,59
D011,i5,East,1341,22.728813559322035,51.440677966101696,59
D063,X5,South,2282,38.67796610169491,118.52542372881356,59
D082,4 Series,East,1326,22.47457627118644,33.16949152542373,59
D027,i5,East,1635,27.71186440677966,46.847457627118644,59
D166,iX,Central,1387,23.508474576271187,49.355932203389834,59
D218,5 Series,North,1867,31.64406779661017,58.20338983050848,59
D225,3 Series,West,1852,31.389830508474578,100.0677966101695,59
D123,i4,West,1816,30.779661016949152,84.08474576271186,59
D195,i7,Central,751,12.728813559322035,39.016949152542374,59
D144,iX,East,1345,22.796610169491526,41.13559322033898,59
D202,3 Series,Central,1625,27.54237288135593,49.355932203389834,59
D158,iX,East,1550,26.271186440677965,41.559322033898304,59
D154,7 Series,South,1127,19.10169491525424,49.30508474576271,59
D201,3 Series,South,2099,35.57627118644068,113.1864406779661,59
D240,iX3,West,2147,36.389830508474574,120.67796610169492,59
D037,X7,Central,1330,22.54237288135593,49.30508474576271,59
D002,X3,West,3018,51.152542372881356,71.91525423728814,59
D116,7 Series,East,723,12.254237288135593,17.610169491525422,59
D025,X5,West,2351,39.847457627118644,68.32203389830508,59
D107,2 Series,West,2179,36.932203389830505,77.76271186440678,59
D073,iX3,East,1992,33.76271186440678,73.72881355932203,59
D025,4 Series,West,1190,20.16949152542373,27.406779661016948,59
D099,X7,West,1003,17.0,23.847457627118644,59
D079,3 Series,East,1143,19.372881355932204,35.440677966101696,59
D121,X7,East,1326,22.47457627118644,35.355932203389834,59
D209,7 Series,South,1027,17.406779661016948,40.50847457627118,59
D210,7 Series,West,1020,17.28813559322034,30.372881355932204,59
D217,i5,North,1601,27.135593220338983,70.27118644067797,59
D150,iX3,North,1114,18.88135593220339,33.440677966101696,59
D174,iX3,West,1958,33.186440677966104,52.40677966101695,59
D177,i4,West,2235,37.88135593220339,59.0,59
D217,X3,North,1975,33.47457627118644,64.55932203389831,59
D175,7 Series,West,1422,24.10169491525424,53.779661016949156,59
D127,i4,North,1589,26.93220338983051,42.67796610169491,59
D147,2 Series,North,1369,23.203389830508474,61.3728813559322,59
D101,X3,Central,2644,44.813559322033896,114.96610169491525,59
D036,iX1,North,2417,40.96610169491525,108.40677966101696,59
D116,i7,East,706,11.966101694915254,15.610169491525424,59
D111,X3,South,1884,31.93220338983051,82.49152542372882,59
D081,X5,Central,1895,32.11864406779661,48.50847457627118,59
D182,2 Series,North,1127,19.10169491525424,40.67796610169491,59
D209,X5,South,2852,48.33898305084746,116.20338983050847,59
D209,X7,South,1431,24.25423728813559,28.389830508474578,59
D142,4 Series,South,1738,29.45762711864407,59.25423728813559,59
D168,i4,North,1292,21.89830508474576,49.983050847457626,59
D185,X7,East,1205,20.423728813559322,28.372881355932204,59
D190,X5,South,1956,33.152542372881356,100.84745762711864,59
D214,5 Series,East,2229,37.779661016949156,61.898305084745765,59
D131,iX3,East,1403,23.779661016949152,37.69491525423729,59
D173,i5,West,2080,35.25423728813559,50.88135593220339,59
D161,7 Series,Central,666,11.288135593220339,15.59322033898305,59
D182,i4,North,1152,19.52542372881356,40.25423728813559,59
D234,iX1,West,1949,33.03389830508475,79.0,59
D247,iX,West,1242,21.050847457627118,42.152542372881356,59
D247,iX3,West,1447,24.52542372881356,50.08474576271186,59
D107,i4,West,1803,30.559322033898304,74.64406779661017,59
D083,iX1,North,1840,31.1864406779661,51.42372881355932,59
D085,i7,West,746,12.64406779661017,20.64406779661017,59
D058,iX1,North,1644,27.864406779661017,52.47457627118644,59
D094,iX1,South,1791,30.35593220338983,45.45762711864407,59
D027,i7,East,619,10.491525423728813,13.322033898305085,59
D075,i7,West,627,10.627118644067796,11.983050847457626,59
D105,iX3,West,2166,36.71186440677966,84.86440677966101,59
D003,X3,West,3157,53.50847457627118,85.79661016949153,59
D077,3 Series,South,1996,33.83050847457627,78.77966101694915,59
D042,i7,West,841,14.254237288135593,25.220338983050848,59
D130,2 Series,West,1405,23.8135593220339,54.440677966101696,59
D167,3 Series,South,1576,26.71186440677966,45.76271186440678,59
D176,X7,East,1009,17.10169491525424,27.35593220338983,59
D177,i7,West,855,14.491525423728813,30.52542372881356,59
D202,X1,Central,2049,34.728813559322035,71.61016949152543,59
D204,X7,West,1103,18.694915254237287,27.915254237288135,59
D206,2 Series,South,986,16.71186440677966,32.3728813559322,59
D226,iX1,South,2313,39.20338983050848,100.45762711864407,59
D228,X7,East,1001,16.966101694915253,38.23728813559322,59
D236,iX,West,1313,22.25423728813559,35.898305084745765,59
D163,iX1,East,1478,25.050847457627118,63.440677966101696,59
D160,i5,West,2372,40.20338983050848,97.77966101694915,59
D151,i4,Central,1947,33.0,64.33898305084746,59
D245,4 Series,West,1704,28.88135593220339,89.28813559322033,59
D244,2 Series,West,1680,28.47457627118644,94.76271186440678,59
D237,X3,West,1991,33.74576271186441,77.27118644067797,59
D011,X1,East,1753,29.71186440677966,51.96610169491525,59
D088,3 Series,South,1764,29.89830508474576,56.50847457627118,59
D021,iX1,East,2005,33.983050847457626,69.57627118644068,59
D054,iX,East,858,14.542372881355933,26.661016949152543,59
D088,i4,South,1502,25.45762711864407,45.42372881355932,59
D097,X3,South,3255,55.16949152542373,128.25423728813558,59
D013,iX,West,2234,37.86440677966102,70.83050847457628,59
D024,3 Series,Central,1447,24.52542372881356,58.05084745762712,59
D060,iX,West,1321,22.389830508474578,38.50847457627118,59
D074,iX3,North,2196,37.220338983050844,94.22033898305085,59
D161,X3,Central,2125,36.016949152542374,50.42372881355932,59
D120,i4,North,1003,17.0,27.322033898305083,59
D181,iX3,Central,1732,29.35593220338983,44.220338983050844,59
D165,X5,East,1555,26.35593220338983,60.355932203389834,59
D177,4 Series,West,2097,35.54237288135593,70.40677966101696,59
D201,2 Series,South,1629,27.610169491525422,56.45762711864407,59
D222,5 Series,East,2064,34.983050847457626,79.67796610169492,59
D197,X5,South,3132,53.08474576271186,93.10169491525424,59
D127,7 Series,North,677,11.474576271186441,30.305084745762713,59
D169,X7,South,1162,19.694915254237287,32.220338983050844,59
D231,X7,East,1276,21.627118644067796,43.220338983050844,59
D166,X1,Central,2218,37.59322033898305,91.96610169491525,59
D080,X1,West,3008,50.983050847457626,61.49152542372882,59
D083,X1,North,2107,35.71186440677966,58.28813559322034,59
D108,X7,West,1535,26.016949152542374,57.66101694915254,59
D070,4 Series,East,1445,24.491525423728813,69.30508474576271,59
D122,2 Series,West,1192,20.203389830508474,42.11864406779661,59
D140,X7,East,896,15.186440677966102,27.949152542372882,59
D206,i7,South,716,12.135593220338983,17.576271186440678,59
D181,3 Series,Central,1907,32.32203389830509,60.11864406779661,59
D175,5 Series,West,3288,55.728813559322035,194.66101694915255,59
D159,3 Series,East,1381,23.406779661016948,48.220338983050844,59
D165,4 Series,East,869,14.728813559322035,22.152542372881356,59
D037,X3,Central,2873,48.69491525423729,67.22033898305085,59
D069,iX3,North,2548,43.186440677966104,120.30508474576271,59
D094,i4,South,1177,19.949152542372882,32.559322033898304,59
D041,3 Series,North,2265,38.389830508474574,51.94915254237288,59
D065,X1,East,2036,34.50847457627118,75.71186440677967,59
D027,iX,East,1283,21.74576271186441,37.88135593220339,59
D061,i4,Central,1390,23.559322033898304,43.71186440677966,59
D011,X7,East,913,15.474576271186441,27.864406779661017,59
D106,X3,West,2170,36.779661016949156,82.94915254237289,59
D134,4 Series,East,1017,17.23728813559322,29.694915254237287,59
D134,i5,East,1079,18.28813559322034,42.67796610169491,59
D158,iX3,East,1585,26.864406779661017,54.88135593220339,59
D176,7 Series,East,618,10.474576271186441,13.067796610169491,59
D191,3 Series,West,2066,35.016949152542374,66.47457627118644,59
D202,iX1,Central,1803,30.559322033898304,81.96610169491525,59
D191,4 Series,West,2016,34.16949152542373,78.01694915254237,59
D122,i5,West,1403,23.779661016949152,70.44067796610169,59
D244,X7,West,1506,25.52542372881356,46.779661016949156,59
D240,iX,West,1576,26.71186440677966,60.813559322033896,59
D026,X1,West,3251,55.101694915254235,134.10169491525423,59
D045,i7,North,733,12.423728813559322,26.779661016949152,59
D034,4 Series,East,934,15.830508474576272,25.338983050847457,59
D098,X1,West,1743,29.54237288135593,59.66101694915254,59
D116,X3,East,2689,45.57627118644068,80.0,59
D094,5 Series,South,1564,26.508474576271187,58.49152542372882,59
D104,iX3,North,1449,24.559322033898304,44.067796610169495,59
D171,X7,North,1526,25.864406779661017,67.20338983050847,59
D129,iX3,East,1645,27.88135593220339,53.88135593220339,59
D165,5 Series,East,1753,29.71186440677966,43.50847457627118,59
D218,3 Series,North,1768,29.966101694915253,63.74576271186441,59
D224,X3,South,2396,40.610169491525426,107.44067796610169,59
D146,iX1,Central,1422,24.10169491525424,40.76271186440678,59
D240,2 Series,West,1239,21.0,55.66101694915254,59
D081,2 Series,Central,1301,22.050847457627118,57.25423728813559,59
D090,iX1,Central,1807,30.627118644067796,63.49152542372882,59
D092,iX,Central,1776,30.10169491525424,74.13559322033899,59
D108,i4,West,1863,31.576271186440678,97.38983050847457,59
D092,X5,Central,1834,31.084745762711865,72.32203389830508,59
D007,2 Series,North,977,16.559322033898304,35.440677966101696,59
D006,iX,Central,1540,26.10169491525424,43.83050847457627,59
D108,i7,West,1139,19.305084745762713,40.0,59
D148,5 Series,South,2481,42.05084745762712,80.54237288135593,59
D230,4 Series,North,1279,21.677966101694917,67.91525423728814,59
D202,i5,Central,1627,27.576271186440678,80.11864406779661,59
D229,5 Series,East,1614,27.35593220338983,54.88135593220339,59
D209,iX1,South,2315,39.23728813559322,118.61016949152543,59
D029,3 Series,East,1796,30.440677966101696,65.54237288135593,59
D033,X7,North,1434,24.305084745762713,66.16949152542372,59
D072,i4,North,1572,26.64406779661017,48.220338983050844,59
D110,iX1,West,1835,31.10169491525424,51.0,59
D078,X1,South,3066,51.96610169491525,123.50847457627118,59
D096,i7,South,913,15.474576271186441,28.64406779661017,59
D068,iX3,South,1781,30.1864406779661,70.7457627118644,59
D116,2 Series,East,968,16.406779661016948,28.406779661016948,59
D113,iX3,East,1927,32.66101694915254,46.440677966101696,59
D025,X3,West,2884,48.88135593220339,122.05084745762711,59
D001,2 Series,North,1105,18.728813559322035,27.271186440677965,59
D064,iX1,Central,1230,20.847457627118644,60.57627118644068,59
D100,5 Series,North,1993,33.779661016949156,69.86440677966101,59
D132,2 Series,East,936,15.864406779661017,24.06779661016949,59
D167,X1,South,2262,38.33898305084746,55.59322033898305,59
D008,i7,West,919,15.576271186440678,28.508474576271187,59
D028,iX1,Central,2035,34.49152542372882,57.79661016949152,59
D116,iX,East,1289,21.847457627118644,59.728813559322035,59
D063,X7,South,1095,18.559322033898304,46.05084745762712,59
D080,5 Series,West,3424,58.03389830508475,91.40677966101696,59
D103,X5,Central,1387,23.508474576271187,66.66101694915254,59
D071,i5,West,2737,46.389830508474574,106.83050847457628,59
D127,X5,North,1674,28.372881355932204,63.91525423728814,59
D184,X5,West,3313,56.152542372881356,134.20338983050848,59
D138,i7,North,518,8.779661016949152,11.864406779661017,59
D149,2 Series,Central,879,14.898305084745763,32.0,59
D187,X1,North,2171,36.79661016949152,49.779661016949156,59
D188,iX1,South,1387,23.508474576271187,50.42372881355932,59
D120,4 Series,North,1165,19.74576271186441,37.3728813559322,59
D189,4 Series,South,1202,20.372881355932204,52.47457627118644,59
D147,iX,North,1322,22.406779661016948,46.45762711864407,59
D224,X1,South,1628,27.593220338983052,46.016949152542374,59
D119,iX3,South,1597,27.06779661016949,68.62711864406779,59
D141,X1,Central,1990,33.728813559322035,56.28813559322034,59
D144,i7,East,678,11.491525423728813,16.796610169491526,59
D249,i7,West,784,13.288135593220339,21.203389830508474,59
D032,i5,South,1935,32.79661016949152,90.88135593220339,59
D057,iX,East,1534,26.0,67.01694915254237,59
D075,X7,West,1214,20.576271186440678,23.661016949152543,59
D099,i7,West,564,9.559322033898304,14.745762711864407,59
D017,X5,East,2295,38.898305084745765,92.66101694915254,59
D051,3 Series,West,1984,33.6271186440678,64.44067796610169,59
D125,4 Series,Central,1469,24.89830508474576,53.05084745762712,59
D169,iX1,South,1599,27.10169491525424,43.74576271186441,59
D220,X3,Central,2123,35.983050847457626,99.03389830508475,59
D217,X5,North,2211,37.47457627118644,89.86440677966101,59
D183,X1,East,1914,32.440677966101696,64.37288135593221,59
D189,X5,South,2198,37.25423728813559,80.16949152542372,59
D003,2 Series,West,1691,28.661016949152543,60.49152542372882,59
D025,iX3,West,1632,27.661016949152543,72.30508474576271,59
D084,X7,Central,1276,21.627118644067796,36.88135593220339,59
D093,i4,Central,1354,22.949152542372882,30.677966101694917,59
D103,iX,Central,757,12.830508474576272,15.338983050847459,59
D029,4 Series,East,1384,23.45762711864407,32.52542372881356,59
D014,7 Series,West,814,13.796610169491526,17.203389830508474,59
D008,i5,West,2067,35.03389830508475,76.13559322033899,59
D236,X7,West,1603,27.16949152542373,100.38983050847457,59
D147,X7,North,1044,17.694915254237287,29.271186440677965,59
D204,4 Series,West,1516,25.694915254237287,39.32203389830509,59
D177,X3,West,3430,58.13559322033898,101.62711864406779,59
D180,X5,East,1931,32.728813559322035,99.86440677966101,59
D231,5 Series,East,1751,29.677966101694917,67.15254237288136,59
D244,X5,West,3389,57.440677966101696,174.61016949152543,59
D004,X5,East,1393,23.610169491525422,49.898305084745765,59
D042,iX,West,1874,31.76271186440678,53.42372881355932,59
D048,X5,Central,2548,43.186440677966104,79.01694915254237,59
D066,X7,South,1695,28.728813559322035,77.01694915254237,59
D076,iX3,East,1675,28.389830508474578,65.8135593220339,59
D045,X5,North,1682,28.508474576271187,61.6271186440678,59
D014,4 Series,West,1343,22.76271186440678,40.71186440677966,59
D079,i5,East,1330,22.54237288135593,51.20338983050848,59
D007,iX,North,1039,17.610169491525422,38.42372881355932,59
D087,5 Series,North,1393,23.610169491525422,47.25423728813559,59
D081,4 Series,Central,1355,22.966101694915253,38.67796610169491,59
D193,2 Series,West,1212,20.54237288135593,46.67796610169491,59
D214,i5,East,1924,32.610169491525426,98.71186440677967,59
D220,iX,Central,1155,19.576271186440678,50.847457627118644,59
D221,X1,North,2692,45.6271186440678,86.03389830508475,59
D132,X7,East,753,12.76271186440678,30.1864406779661,59
D139,2 Series,South,1830,31.016949152542374,80.66101694915254,59
D219,7 Series,East,591,10.016949152542374,11.59322033898305,59
D187,i7,North,621,10.525423728813559,20.52542372881356,59
D235,X1,East,1153,19.54237288135593,34.71186440677966,59
D242,X5,East,1194,20.23728813559322,61.813559322033896,59
D052,i4,North,1538,26.06779661016949,58.69491525423729,59
D102,4 Series,North,833,14.11864406779661,19.983050847457626,59
D104,X1,North,2443,41.40677966101695,94.13559322033899,59
D096,i4,South,2295,38.898305084745765,69.11864406779661,59
D008,X5,West,2363,40.05084745762712,139.864406779661,59
D019,i5,Central,1419,24.050847457627118,67.96610169491525,59
D087,3 Series,North,1160,19.661016949152543,57.28813559322034,59
D097,5 Series,South,1870,31.694915254237287,45.32203389830509,59
D021,5 Series,East,1934,32.779661016949156,60.0,59
D007,X5,North,1285,21.779661016949152,39.45762711864407,59
D052,X1,North,1876,31.796610169491526,85.40677966101696,59
D186,i5,East,1470,24.915254237288135,46.69491525423729,59
D203,X3,East,3204,54.30508474576271,81.52542372881356,59
D225,7 Series,West,652,11.05084745762712,22.52542372881356,59
D156,X1,West,2536,42.983050847457626,89.94915254237289,59
D226,X7,South,1340,22.71186440677966,38.88135593220339,59
D127,5 Series,North,2124,36.0,88.7457627118644,59
D164,3 Series,East,1793,30.389830508474578,67.10169491525424,59
D249,i4,West,1689,28.627118644067796,78.77966101694915,59
D247,i4,West,1605,27.203389830508474,38.50847457627118,59
D096,3 Series,South,2515,42.6271186440678,97.38983050847457,59
D019,i4,Central,952,16.135593220338983,35.32203389830509,59
D087,X3,North,2020,34.23728813559322,75.05084745762711,59
D101,7 Series,Central,817,13.847457627118644,20.25423728813559,59
D037,5 Series,Central,1678,28.440677966101696,67.23728813559322,59
D073,i4,East,1905,32.28813559322034,50.79661016949152,59
D152,X3,South,2840,48.13559322033898,130.42372881355934,59
D165,iX,East,795,13.474576271186441,20.47457627118644,59
D186,3 Series,East,1521,25.779661016949152,73.42372881355932,59
D207,i4,West,2563,43.440677966101696,118.01694915254237,59
D213,i7,West,869,14.728813559322035,17.610169491525422,59
D234,i5,West,2347,39.779661016949156,113.59322033898304,59
D193,5 Series,West,2402,40.71186440677966,69.42372881355932,59
D134,i7,East,538,9.11864406779661,11.966101694915254,59
D194,iX1,South,1808,30.64406779661017,69.01694915254237,59
D224,X7,South,906,15.35593220338983,25.83050847457627,59
D150,X7,North,855,14.491525423728813,24.728813559322035,59
D228,2 Series,East,1031,17.47457627118644,45.94915254237288,59
D127,iX1,North,1762,29.864406779661017,51.88135593220339,59
D246,iX,North,1466,24.847457627118644,36.74576271186441,59
D004,i5,East,1149,19.47457627118644,44.355932203389834,59
D061,i5,Central,2075,35.16949152542373,59.91525423728814,59
D048,5 Series,Central,2670,45.25423728813559,101.23728813559322,59
D085,X7,West,1613,27.338983050847457,53.57627118644068,59
D118,i5,North,1673,28.35593220338983,86.45762711864407,59
D031,X1,East,1977,33.50847457627118,93.0,59
D058,4 Series,North,1066,18.06779661016949,44.13559322033898,59
D117,iX3,North,2119,35.91525423728814,141.38983050847457,59
D018,iX1,North,1089,18.45762711864407,50.96610169491525,59
D048,iX,Central,1392,23.593220338983052,39.0,59
D029,i4,East,1304,22.10169491525424,55.94915254237288,59
D088,iX,South,1192,20.203389830508474,41.03389830508475,59
D132,4 Series,East,949,16.084745762711865,29.54237288135593,59
D210,i5,West,2177,36.898305084745765,77.54237288135593,59
D193,iX1,West,2222,37.66101694915254,93.33898305084746,59
D128,iX1,West,2402,40.71186440677966,88.62711864406779,59
D196,2 Series,North,1239,21.0,38.49152542372882,59
D225,X7,West,1235,20.93220338983051,61.42372881355932,59
D126,7 Series,East,768,13.016949152542374,16.152542372881356,59
D159,7 Series,East,752,12.745762711864407,20.847457627118644,59
D119,3 Series,South,1580,26.779661016949152,84.45762711864407,59
D154,X1,South,3061,51.88135593220339,127.1864406779661,59
D119,5 Series,South,1390,23.559322033898304,67.01694915254237,59
D220,i5,Central,1553,26.322033898305083,56.47457627118644,59
D171,4 Series,North,1474,24.983050847457626,69.86440677966101,59
D220,X1,Central,2459,41.67796610169491,96.98305084745763,59
D245,7 Series,West,973,16.491525423728813,44.52542372881356,59
D238,i7,East,479,8.11864406779661,12.576271186440678,59
D249,X1,West,2693,45.644067796610166,91.40677966101696,59
D010,2 Series,North,1349,22.864406779661017,56.220338983050844,59
D018,X7,North,1036,17.559322033898304,27.74576271186441,59
D108,X5,West,2511,42.559322033898304,76.52542372881356,59
D035,5 Series,Central,1573,26.661016949152543,62.186440677966104,59
D049,2 Series,West,1349,22.864406779661017,52.47457627118644,59
D102,iX1,North,1476,25.016949152542374,52.644067796610166,59
D117,iX,North,1649,27.949152542372882,69.23728813559322,59
D071,X3,West,4058,68.77966101694915,100.98305084745763,59
D017,X1,East,2435,41.271186440677965,88.33898305084746,59
D106,2 Series,West,1117,18.93220338983051,28.779661016949152,59
D119,X1,South,1594,27.016949152542374,66.40677966101696,59
D212,5 Series,West,2532,42.91525423728814,90.01694915254237,59
D235,5 Series,East,1100,18.64406779661017,52.728813559322035,59
D181,X7,Central,994,16.847457627118644,33.47457627118644,59
D156,i7,West,562,9.525423728813559,15.542372881355933,59
D191,i5,West,2245,38.05084745762712,80.35593220338983,59
D145,3 Series,Central,1666,28.23728813559322,95.13559322033899,59
D123,X7,West,1671,28.322033898305083,76.96610169491525,59
D168,iX1,North,1581,26.796610169491526,54.67796610169491,59
D167,4 Series,South,1660,28.135593220338983,50.779661016949156,59
D155,X5,East,1571,26.627118644067796,36.54237288135593,59
D246,2 Series,North,1532,25.966101694915253,69.98305084745763,59
D056,4 Series,North,1106,18.74576271186441,26.372881355932204,59
D020,i7,East,490,8.305084745762711,11.084745762711865,59
D013,i5,West,2618,44.3728813559322,99.84745762711864,59
D056,2 Series,North,1138,19.28813559322034,40.6271186440678,59
D073,3 Series,East,2033,34.45762711864407,88.23728813559322,59
D101,i5,Central,1602,27.152542372881356,39.847457627118644,59
D110,i4,West,1755,29.74576271186441,69.67796610169492,59
D141,5 Series,Central,1948,33.016949152542374,66.38983050847457,59
D241,3 Series,North,1660,28.135593220338983,60.79661016949152,59
D019,2 Series,Central,761,12.898305084745763,18.949152542372882,59
D108,2 Series,West,1438,24.372881355932204,42.33898305084746,59
D115,X1,East,1457,24.694915254237287,50.05084745762712,59
D023,5 Series,North,2132,36.13559322033898,112.20338983050847,59
D080,i7,West,825,13.983050847457626,47.847457627118644,59
D088,X5,South,2290,38.813559322033896,86.71186440677967,59
D106,i4,West,1322,22.406779661016948,54.644067796610166,59
D022,5 Series,South,1573,26.661016949152543,68.08474576271186,59
D114,iX3,East,1428,24.203389830508474,60.220338983050844,59
D179,i4,Central,1234,20.915254237288135,28.694915254237287,59
D225,iX1,West,1694,28.71186440677966,71.27118644067797,59
D233,iX,North,1406,23.83050847457627,78.15254237288136,59
D181,i5,Central,1541,26.11864406779661,60.28813559322034,59
D200,7 Series,Central,858,14.542372881355933,30.966101694915253,59
D248,iX,East,1226,20.779661016949152,51.13559322033898,59
D250,7 Series,North,953,16.152542372881356,25.152542372881356,59
D245,X7,West,2223,37.67796610169491,58.0,59
D024,i4,Central,1682,28.508474576271187,61.57627118644068,59
D068,3 Series,South,2403,40.728813559322035,81.88135593220339,59
D112,X5,West,1696,28.74576271186441,65.71186440677967,59
D041,X5,North,2515,42.6271186440678,122.08474576271186,59
D007,i5,North,1186,20.10169491525424,40.220338983050844,59
D050,iX3,West,2546,43.152542372881356,121.62711864406779,59
D065,7 Series,East,964,16.338983050847457,20.10169491525424,59
D086,iX1,West,2836,48.067796610169495,67.91525423728814,59
D042,4 Series,West,2222,37.66101694915254,78.89830508474576,59
D118,X7,North,1071,18.152542372881356,35.28813559322034,59
D017,iX,East,1417,24.016949152542374,29.847457627118644,59
D138,X1,North,1773,30.050847457627118,53.152542372881356,59
D148,iX1,South,2428,41.152542372881356,133.11864406779662,59
D192,iX1,West,1676,28.406779661016948,42.59322033898305,59
D200,X3,Central,2223,37.67796610169491,109.45762711864407,59
D211,X7,South,1144,19.389830508474578,26.966101694915253,59
D233,X5,North,2916,49.42372881355932,78.67796610169492,59
D154,i5,South,2462,41.728813559322035,118.22033898305085,59
D119,X3,South,2446,41.45762711864407,87.64406779661017,59
D182,7 Series,North,499,8.457627118644067,14.135593220338983,59
D163,iX,East,1028,17.423728813559322,37.50847457627118,59
D208,7 Series,Central,969,16.423728813559322,28.796610169491526,59
D197,7 Series,South,1332,22.576271186440678,52.50847457627118,59
D248,4 Series,East,1517,25.71186440677966,46.20338983050848,59
D245,5 Series,West,2826,47.898305084745765,109.91525423728814,59
D044,2 Series,South,873,14.796610169491526,30.694915254237287,59
D054,7 Series,East,562,9.525423728813559,15.508474576271187,59
D028,7 Series,Central,877,14.864406779661017,51.47457627118644,59
D028,X1,Central,1971,33.40677966101695,85.32203389830508,59
D059,iX,West,1673,28.35593220338983,64.50847457627118,59
D037,i5,Central,1760,29.83050847457627,70.57627118644068,59
D085,5 Series,West,2363,40.05084745762712,85.35593220338983,59
D020,iX,East,1132,19.1864406779661,44.932203389830505,59
D118,iX3,North,1833,31.06779661016949,60.11864406779661,59
D228,X5,East,1459,24.728813559322035,59.101694915254235,59
D227,iX1,Central,2181,36.96610169491525,53.59322033898305,59
D152,X7,South,1481,25.10169491525424,49.11864406779661,59
D207,4 Series,West,1862,31.559322033898304,65.16949152542372,59
D229,2 Series,East,962,16.305084745762713,41.355932203389834,59
D225,i4,West,1190,20.16949152542373,44.28813559322034,59
D120,iX1,North,1399,23.71186440677966,57.067796610169495,59
D215,i7,West,720,12.203389830508474,19.10169491525424,59
D190,iX1,South,2370,40.16949152542373,64.13559322033899,59
D125,X7,Central,1223,20.728813559322035,53.779661016949156,59
D180,i4,East,1577,26.728813559322035,50.79661016949152,59
D217,X7,North,1267,21.47457627118644,36.49152542372882,59
D238,i5,East,1298,22.0,34.79661016949152,59
D024,5 Series,Central,1679,28.45762711864407,69.08474576271186,59
D109,7 Series,East,565,9.576271186440678,16.627118644067796,59
D114,X3,East,1826,30.949152542372882,55.79661016949152,59
D010,iX,North,1620,27.45762711864407,73.49152542372882,59
D046,7 Series,Central,606,10.271186440677965,13.576271186440678,59
D189,iX1,South,1790,30.338983050847457,53.813559322033896,59
D206,5 Series,South,1635,27.71186440677966,42.57627118644068,59
D214,7 Series,East,637,10.796610169491526,15.779661016949152,59
D230,iX1,North,1793,30.389830508474578,49.16949152542373,59
D204,i5,West,1684,28.54237288135593,64.30508474576271,59
D127,iX,North,1570,26.610169491525422,82.28813559322033,59
D142,X7,South,1335,22.627118644067796,55.898305084745765,59
D174,X5,West,2813,47.67796610169491,150.3050847457627,59
D212,3 Series,West,2216,37.559322033898304,80.35593220338983,59
D024,X1,Central,1807,30.627118644067796,53.11864406779661,59
D098,2 Series,West,1298,22.0,53.898305084745765,59
D012,4 Series,Central,1082,18.338983050847457,25.627118644067796,59
D047,X1,East,1939,32.86440677966102,81.50847457627118,59
D063,X1,South,2149,36.42372881355932,72.47457627118644,59
D076,i4,East,1540,26.10169491525424,71.13559322033899,59
D021,iX,East,1040,17.627118644067796,26.338983050847457,59
D049,5 Series,West,2474,41.932203389830505,96.94915254237289,59
D076,7 Series,East,698,11.830508474576272,20.271186440677965,59
D040,iX,West,1311,22.220338983050848,42.57627118644068,59
D046,X1,Central,1602,27.152542372881356,50.440677966101696,59
D112,X3,West,2534,42.94915254237288,152.38983050847457,59
D001,iX1,North,1881,31.88135593220339,64.57627118644068,59
D069,iX1,North,2650,44.91525423728814,133.05084745762713,59
D074,iX,North,1620,27.45762711864407,77.40677966101696,59
D171,3 Series,North,2073,35.13559322033898,116.44067796610169,59
D151,2 Series,Central,1410,23.89830508474576,68.7457627118644,59
D206,7 Series,South,800,13.559322033898304,28.83050847457627,59
D210,iX1,West,2450,41.52542372881356,122.0,59
D219,iX,East,901,15.271186440677965,23.8135593220339,59
D120,5 Series,North,1246,21.11864406779661,47.52542372881356,59
D157,7 Series,North,1070,18.135593220338983,41.440677966101696,59
D139,iX1,South,2641,44.76271186440678,117.44067796610169,59
D151,X7,Central,1188,20.135593220338983,38.32203389830509,59
D245,iX3,West,2056,34.847457627118644,79.64406779661017,59
D029,2 Series,East,1262,21.389830508474578,50.83050847457627,59
D073,7 Series,East,917,15.542372881355933,32.355932203389834,59
D091,X3,East,2180,36.94915254237288,106.49152542372882,59
D035,i5,Central,1403,23.779661016949152,96.62711864406779,59
D067,iX,Central,1409,23.88135593220339,43.610169491525426,59
D023,i4,North,1801,30.52542372881356,53.355932203389834,59
D055,X7,East,1253,21.23728813559322,38.54237288135593,59
D058,2 Series,North,1078,18.271186440677965,41.94915254237288,59
D085,i5,West,2430,41.186440677966104,100.35593220338983,59
D024,X7,Central,1317,22.322033898305083,49.76271186440678,59
D062,iX3,West,2655,45.0,97.67796610169492,59
D041,i5,North,1629,27.610169491525422,69.8135593220339,59
D115,3 Series,East,1125,19.06779661016949,47.66101694915254,59
D082,X1,East,2005,33.983050847457626,72.32203389830508,59
D072,5 Series,North,1930,32.71186440677966,96.33898305084746,59
D153,i7,Central,682,11.559322033898304,18.661016949152543,59
D159,iX,East,1076,18.23728813559322,26.779661016949152,59
D167,iX1,South,1694,28.71186440677966,59.152542372881356,59
D177,3 Series,West,2283,38.69491525423729,120.94915254237289,59
D138,i4,North,1371,23.23728813559322,45.20338983050848,59
D184,X7,West,1705,28.89830508474576,54.40677966101695,59
D125,i5,Central,2053,34.79661016949152,66.9322033898305,59
D144,iX1,East,1859,31.508474576271187,95.52542372881356,59
D232,4 Series,Central,1186,20.10169491525424,40.57627118644068,59
D121,X3,East,2562,43.42372881355932,58.30508474576271,59
D208,i5,Central,1714,29.050847457627118,52.71186440677966,59
D163,i7,East,557,9.440677966101696,14.711864406779661,59
D078,iX1,South,2593,43.94915254237288,128.98305084745763,59
D101,5 Series,Central,2159,36.59322033898305,74.32203389830508,59
D108,7 Series,West,934,15.830508474576272,33.05084745762712,59
D114,i4,East,1374,23.28813559322034,46.91525423728814,59
D009,X5,South,2045,34.66101694915254,94.98305084745763,59
D115,iX,East,1071,18.152542372881356,25.694915254237287,59
D024,4 Series,Central,1152,19.52542372881356,39.30508474576271,59
D033,X5,North,1745,29.576271186440678,69.45762711864407,59
D114,iX1,East,1744,29.559322033898304,71.62711864406779,59
D002,X7,West,1371,23.23728813559322,36.52542372881356,59
D003,iX3,West,2152,36.47457627118644,78.10169491525424,59
D017,iX1,East,1657,28.084745762711865,66.01694915254237,59
D038,X7,Central,895,15.169491525423728,19.152542372881356,59
D121,4 Series,East,1488,25.220338983050848,58.932203389830505,59
D156,i5,West,1845,31.271186440677965,62.50847457627118,59
D171,X3,North,2916,49.42372881355932,87.72881355932203,59
D195,5 Series,Central,2215,37.54237288135593,102.45762711864407,59
D196,iX3,North,1994,33.79661016949152,69.16949152542372,59
D221,iX,North,1439,24.389830508474578,35.47457627118644,59
D135,iX3,West,1859,31.508474576271187,43.779661016949156,59
D140,X1,East,1808,30.64406779661017,64.03389830508475,59
D219,i5,East,1221,20.694915254237287,31.11864406779661,59
D050,X7,West,2095,35.50847457627118,80.55932203389831,59
D027,iX1,East,1922,32.57627118644068,89.13559322033899,59
D117,iX1,North,1730,29.322033898305083,67.67796610169492,59
D030,X1,East,1201,20.35593220338983,34.067796610169495,59
D036,i7,North,728,12.338983050847459,28.8135593220339,59
D114,X5,East,1656,28.06779661016949,107.55932203389831,59
D035,7 Series,Central,918,15.559322033898304,26.203389830508474,59
D039,5 Series,South,2559,43.3728813559322,79.98305084745763,59
D073,X5,East,2254,38.20338983050848,68.03389830508475,59
D089,i5,West,2019,34.220338983050844,67.44067796610169,59
D035,iX,Central,1449,24.559322033898304,43.898305084745765,59
D026,X3,West,4472,75.79661016949153,169.5593220338983,59
D218,i5,North,1588,26.915254237288135,49.30508474576271,59
D138,iX,North,1352,22.915254237288135,40.49152542372882,59
D140,i5,East,1769,29.983050847457626,76.44067796610169,59
D215,5 Series,West,1783,30.220338983050848,74.96610169491525,59
D128,X5,West,2615,44.32203389830509,96.67796610169492,59
D212,2 Series,West,1187,20.11864406779661,48.33898305084746,59
D236,X1,West,2528,42.847457627118644,78.40677966101696,59
D231,3 Series,East,1217,20.627118644067796,49.6271186440678,59
D143,X5,South,3241,54.932203389830505,166.15254237288136,59
D011,5 Series,East,2004,33.96610169491525,49.66101694915254,59
D032,X7,South,1632,27.661016949152543,41.355932203389834,59
D073,5 Series,East,2135,36.186440677966104,69.86440677966101,59
D076,2 Series,East,1205,20.423728813559322,46.25423728813559,59
D006,5 Series,Central,1738,29.45762711864407,58.813559322033896,59
D019,iX,Central,1175,19.915254237288135,52.440677966101696,59
D106,i5,West,1753,29.71186440677966,62.08474576271186,59
D047,i7,East,703,11.915254237288135,18.203389830508474,59
D162,i4,West,2430,41.186440677966104,61.25423728813559,59
D217,2 Series,North,1219,20.661016949152543,53.23728813559322,59
D132,i4,East,843,14.288135593220339,26.8135593220339,59
D159,iX3,East,1532,25.966101694915253,42.3728813559322,59
D179,iX,Central,1353,22.93220338983051,52.57627118644068,59
D173,X3,West,3092,52.40677966101695,109.01694915254237,59
D228,X3,East,1738,29.45762711864407,50.25423728813559,59
D199,2 Series,South,1168,19.796610169491526,30.576271186440678,59
D033,4 Series,North,1269,21.508474576271187,40.440677966101696,59
D059,3 Series,West,1925,32.6271186440678,63.40677966101695,59
D063,i5,South,1911,32.389830508474574,75.83050847457628,59
D016,i5,West,1910,32.3728813559322,80.50847457627118,59
D115,7 Series,East,620,10.508474576271187,16.35593220338983,59
D051,iX1,West,3046,51.6271186440678,133.16949152542372,59
D104,X5,North,2017,34.186440677966104,59.32203389830509,59
D146,i5,Central,1513,25.64406779661017,63.83050847457627,59
D123,X5,West,3177,53.847457627118644,102.49152542372882,59
D172,4 Series,North,1527,25.88135593220339,72.61016949152543,59
D182,iX3,North,1170,19.83050847457627,50.86440677966102,59
D151,4 Series,Central,1188,20.135593220338983,38.6271186440678,59
D119,7 Series,South,651,11.033898305084746,17.016949152542374,59
D115,X5,East,1709,28.966101694915253,69.64406779661017,59
D091,X7,East,1409,23.88135593220339,62.88135593220339,59
D115,X7,East,1053,17.847457627118644,33.83050847457627,59
D040,4 Series,West,1641,27.8135593220339,52.67796610169491,59
D094,i7,South,633,10.728813559322035,17.372881355932204,59
D036,4 Series,North,1334,22.610169491525422,51.50847457627118,59
D010,7 Series,North,1151,19.508474576271187,40.50847457627118,59
D204,X5,West,1572,26.64406779661017,32.83050847457627,59
D229,4 Series,East,1129,19.135593220338983,34.355932203389834,59
D226,X1,South,2571,43.57627118644068,120.8135593220339,59
D208,iX,Central,1200,20.338983050847457,33.3728813559322,59
D122,iX,West,1252,21.220338983050848,56.271186440677965,59
D227,7 Series,Central,878,14.88135593220339,23.728813559322035,59
D123,2 Series,West,1704,28.88135593220339,77.44067796610169,59
D076,iX1,East,1888,32.0,90.66101694915254,59
D097,X1,South,2477,41.983050847457626,70.20338983050847,59
D008,X3,West,3572,60.54237288135593,160.20338983050848,59
D110,3 Series,West,2320,39.32203389830509,123.61016949152543,59
D051,iX,West,2023,34.28813559322034,79.45762711864407,59
D057,X5,East,2104,35.66101694915254,55.59322033898305,59
D114,iX,East,1013,17.16949152542373,32.067796610169495,59
D117,X5,North,1768,29.966101694915253,66.47457627118644,59
D034,X5,East,1453,24.627118644067796,43.52542372881356,59
D084,iX3,Central,1630,27.627118644067796,65.01694915254237,59
D111,i5,South,1308,22.16949152542373,40.57627118644068,59
D064,3 Series,Central,1473,24.966101694915253,54.13559322033898,59
D057,2 Series,East,1106,18.74576271186441,35.49152542372882,59
D133,3 Series,North,2008,34.03389830508475,112.54237288135593,59
D158,5 Series,East,2276,38.57627118644068,67.71186440677967,59
D161,i4,Central,1260,21.35593220338983,34.101694915254235,59
D198,iX,North,1096,18.576271186440678,36.88135593220339,59
D156,X7,West,1135,19.23728813559322,47.50847457627118,59
D191,X7,West,1418,24.033898305084747,38.54237288135593,59
D212,i7,West,644,10.915254237288135,20.8135593220339,59
D144,i4,East,1255,21.271186440677965,39.03389830508475,59
D137,X3,West,4431,75.10169491525424,231.05084745762713,59
D226,5 Series,South,2678,45.389830508474574,115.86440677966101,59
D071,iX3,West,2715,46.016949152542374,95.64406779661017,59
D046,3 Series,Central,1350,22.88135593220339,47.016949152542374,59
D092,7 Series,Central,735,12.457627118644067,29.220338983050848,59
D055,5 Series,East,1893,32.08474576271186,79.52542372881356,59
D085,7 Series,West,991,16.796610169491526,27.83050847457627,59
D199,X1,South,1594,27.016949152542374,63.389830508474574,59
D226,i4,South,1617,27.406779661016948,58.03389830508475,59
D189,3 Series,South,1852,31.389830508474578,43.71186440677966,59
D191,i7,West,875,14.830508474576272,43.79661016949152,59
D201,X5,South,2418,40.983050847457626,99.11864406779661,59
D203,i4,East,1753,29.71186440677966,80.55932203389831,59
D125,iX1,Central,1846,31.28813559322034,86.11864406779661,59
D148,iX,South,1686,28.576271186440678,52.57627118644068,59
D234,X1,West,3172,53.76271186440678,134.38983050847457,59
D153,7 Series,Central,708,12.0,18.847457627118644,59
D170,3 Series,North,1565,26.52542372881356,43.186440677966104,59
D213,iX3,West,2161,36.6271186440678,92.96610169491525,59
D130,iX,West,1271,21.54237288135593,44.186440677966104,59
D236,i7,West,886,15.016949152542374,24.16949152542373,59
D007,iX1,North,1434,24.305084745762713,72.13559322033899,59
D010,i5,North,2269,38.45762711864407,74.32203389830508,59
D049,4 Series,West,1339,22.694915254237287,42.94915254237288,59
D013,X3,West,3126,52.983050847457626,135.88135593220338,59
D032,2 Series,South,1296,21.966101694915253,63.05084745762712,59
D102,5 Series,North,1261,21.372881355932204,38.355932203389834,59
D030,X5,East,1428,24.203389830508474,39.101694915254235,59
D038,4 Series,Central,934,15.830508474576272,27.93220338983051,59
D044,7 Series,South,613,10.389830508474576,15.94915254237288,59
D130,X7,West,1477,25.033898305084747,50.186440677966104,59
D139,X7,South,1453,24.627118644067796,36.88135593220339,59
D148,iX3,South,2173,36.83050847457627,91.1864406779661,59
D125,7 Series,Central,830,14.067796610169491,31.423728813559322,59
D144,3 Series,East,1792,30.372881355932204,86.62711864406779,59
D170,X5,North,1510,25.593220338983052,56.16949152542373,59
D172,i7,North,835,14.152542372881356,35.847457627118644,59
D204,X3,West,2163,36.66101694915254,52.016949152542374,59
D169,X1,South,1823,30.89830508474576,66.0,59
D223,X5,West,2677,45.3728813559322,135.5593220338983,59
D240,X7,West,1454,24.64406779661017,57.610169491525426,59
D247,iX1,West,2084,35.32203389830509,99.71186440677967,59
D048,3 Series,Central,1906,32.30508474576271,115.23728813559322,59
D079,iX3,East,1278,21.661016949152543,35.76271186440678,59
D102,i5,North,1419,24.050847457627118,34.47457627118644,59
D095,X3,Central,2957,50.11864406779661,119.10169491525424,59
D097,2 Series,South,1093,18.52542372881356,30.491525423728813,59
D113,i4,East,1381,23.406779661016948,57.74576271186441,59
D094,X1,South,1944,32.94915254237288,61.79661016949152,59
D047,iX1,East,2042,34.610169491525426,97.03389830508475,59
D225,4 Series,West,1493,25.305084745762713,62.30508474576271,59
D135,iX1,West,1559,26.423728813559322,81.23728813559322,59
D198,X3,North,2028,34.3728813559322,47.33898305084746,59
D163,i4,East,1302,22.06779661016949,34.271186440677965,59
D149,iX3,Central,1321,22.389830508474578,40.66101694915254,59
D167,i4,South,1508,25.559322033898304,39.3728813559322,59
D174,iX1,West,2597,44.016949152542374,70.01694915254237,59
D087,iX3,North,1402,23.76271186440678,49.220338983050844,59
D088,2 Series,South,1180,20.0,37.186440677966104,59
D086,7 Series,West,965,16.35593220338983,42.779661016949156,59
D031,4 Series,East,1450,24.576271186440678,50.220338983050844,59
D037,i4,Central,1862,31.559322033898304,57.52542372881356,59
D013,iX1,West,3031,51.3728813559322,154.84745762711864,59
D140,i4,East,1152,19.52542372881356,36.847457627118644,59
D183,4 Series,East,1155,19.576271186440678,51.101694915254235,59
D234,i4,West,1924,32.610169491525426,55.83050847457627,59
D008,X1,West,3095,52.45762711864407,108.10169491525424,59
D112,iX,West,1385,23.47457627118644,59.847457627118644,59
D020,iX1,East,1460,24.74576271186441,36.389830508474574,59
D095,3 Series,Central,2123,35.983050847457626,85.32203389830508,59
D046,i5,Central,1408,23.864406779661017,50.32203389830509,59
D010,i7,North,704,11.932203389830509,26.06779661016949,59
D221,X7,North,1256,21.28813559322034,36.30508474576271,59
D161,5 Series,Central,1899,32.186440677966104,92.76271186440678,59
D179,i7,Central,662,11.220338983050848,16.983050847457626,59
D126,i4,East,1521,25.779661016949152,52.74576271186441,59
D144,X5,East,1901,32.220338983050844,74.83050847457628,59
D142,X1,South,1940,32.88135593220339,74.33898305084746,59
D173,7 Series,West,1002,16.983050847457626,30.25423728813559,59
D239,2 Series,South,1116,18.915254237288135,37.779661016949156,59
D246,3 Series,North,1856,31.45762711864407,62.932203389830505,59
D238,iX1,East,1223,20.728813559322035,45.71186440677966,59
D044,X1,South,2081,35.271186440677965,65.23728813559322,59
D033,iX3,North,1637,27.74576271186441,51.6271186440678,59
D072,X1,North,2133,36.152542372881356,74.71186440677967,59
D099,iX1,West,1322,22.406779661016948,38.86440677966102,59
D043,iX1,West,1958,33.186440677966104,95.0,59
D054,X5,East,1427,24.1864406779661,57.32203389830509,59
D089,3 Series,West,2129,36.08474576271186,76.72881355932203,59
D113,4 Series,East,1166,19.76271186440678,37.0,59
D048,i4,Central,1578,26.74576271186441,48.0,59
D021,3 Series,East,1838,31.152542372881356,64.1864406779661,59
D083,2 Series,North,1567,26.559322033898304,59.03389830508475,59
D083,i7,North,618,10.474576271186441,17.440677966101696,59
D101,iX3,Central,1711,29.0,84.15254237288136,59
D059,iX1,West,2000,33.898305084745765,59.76271186440678,59
D022,iX,South,1596,27.050847457627118,69.37288135593221,59
D170,X3,North,2192,37.152542372881356,87.45762711864407,59
D225,iX3,West,1673,28.35593220338983,47.271186440677965,59
D125,5 Series,Central,1738,29.45762711864407,68.0677966101695,59
D174,2 Series,West,2010,34.067796610169495,72.77966101694915,59
D193,iX,West,1467,24.864406779661017,66.35593220338983,59
D230,X1,North,2112,35.79661016949152,98.84745762711864,59
D218,iX,North,1614,27.35593220338983,80.32203389830508,59
D241,i4,North,1854,31.423728813559322,87.8135593220339,59
D017,iX3,East,1376,23.322033898305083,43.067796610169495,59
D054,i4,East,838,14.203389830508474,35.76271186440678,59
D088,7 Series,South,680,11.525423728813559,20.54237288135593,59
D116,4 Series,East,1036,17.559322033898304,43.59322033898305,59
D006,2 Series,Central,1404,23.796610169491526,49.42372881355932,59
D026,X7,West,1730,29.322033898305083,55.644067796610166,59
D081,iX,Central,1267,21.47457627118644,51.220338983050844,59
D204,iX,West,1465,24.83050847457627,39.101694915254235,59
D210,i7,West,945,16.016949152542374,34.186440677966104,59
D174,X1,West,3140,53.220338983050844,150.98305084745763,59
D208,X5,Central,2139,36.25423728813559,63.71186440677966,59
D188,X1,South,2028,34.3728813559322,51.40677966101695,59
D216,X3,South,2825,47.88135593220339,114.98305084745763,59
D014,5 Series,West,1770,30.0,68.55932203389831,59
D021,X5,East,2076,35.186440677966104,105.88135593220339,59
D070,i7,East,696,11.796610169491526,30.033898305084747,59
D006,X7,Central,1381,23.406779661016948,37.57627118644068,59
D048,X7,Central,1327,22.491525423728813,38.152542372881356,59
D214,3 Series,East,1617,27.406779661016948,63.67796610169491,59
D119,4 Series,South,1041,17.64406779661017,40.42372881355932,59
D141,i4,Central,1444,24.47457627118644,59.152542372881356,59
D167,7 Series,South,773,13.101694915254237,15.694915254237289,59
D228,iX1,East,1547,26.220338983050848,36.983050847457626,59
D242,4 Series,East,997,16.89830508474576,27.915254237288135,59
D011,X5,East,1782,30.203389830508474,59.05084745762712,59
D104,3 Series,North,1841,31.203389830508474,59.91525423728814,59
D020,iX3,East,1292,21.89830508474576,52.355932203389834,59
D085,X5,West,2899,49.13559322033898,75.42372881355932,59
D082,X5,East,1901,32.220338983050844,55.898305084745765,59
D084,5 Series,Central,1827,30.966101694915253,42.47457627118644,59
D085,3 Series,West,2140,36.271186440677965,52.96610169491525,59
D033,7 Series,North,935,15.847457627118644,22.016949152542374,59
D102,X7,North,824,13.966101694915254,21.76271186440678,59
D159,i7,East,447,7.576271186440678,9.11864406779661,59
D164,iX,East,1542,26.135593220338983,62.69491525423729,59
D200,X7,Central,1018,17.25423728813559,40.440677966101696,59
D187,X7,North,1352,22.915254237288135,82.30508474576271,59
D152,i5,South,1741,29.508474576271187,49.40677966101695,59
D161,i5,Central,1259,21.338983050847457,32.11864406779661,59
D201,i4,South,2422,41.05084745762712,87.84745762711864,59
D186,5 Series,East,1696,28.74576271186441,47.23728813559322,59
D227,X1,Central,2355,39.91525423728814,74.30508474576271,59
D019,5 Series,Central,1198,20.305084745762713,38.610169491525426,59
D030,i5,East,888,15.05084745762712,23.06779661016949,59
D061,iX1,Central,2200,37.28813559322034,81.71186440677967,59
D117,7 Series,North,978,16.576271186440678,40.83050847457627,59
D013,3 Series,West,2663,45.13559322033898,133.864406779661,59
D077,X3,South,3763,63.779661016949156,106.7457627118644,59
D047,iX3,East,1554,26.338983050847457,59.59322033898305,59
D103,3 Series,Central,961,16.28813559322034,22.338983050847457,59
D091,iX1,East,1953,33.101694915254235,53.32203389830509,59
D034,X7,East,1132,19.1864406779661,31.35593220338983,59
D015,3 Series,West,2005,33.983050847457626,58.69491525423729,59
D162,X3,West,3051,51.71186440677966,116.71186440677967,59
D178,4 Series,North,1535,26.016949152542374,79.23728813559322,59
D131,X1,East,2068,35.05084745762712,89.27118644067797,59
D204,3 Series,West,1752,29.694915254237287,75.59322033898304,59
D203,X1,East,2189,37.101694915254235,104.91525423728814,59
D234,X3,West,2770,46.94915254237288,123.28813559322033,59
D195,3 Series,Central,1739,29.47457627118644,47.54237288135593,59
D206,iX3,South,1923,32.59322033898305,82.03389830508475,59
D216,iX1,South,2094,35.49152542372882,132.15254237288136,59
D232,2 Series,Central,817,13.847457627118644,22.76271186440678,59
D211,X3,South,2552,43.25423728813559,119.88135593220339,59
D229,iX1,East,1583,26.83050847457627,74.7457627118644,59
D246,i7,North,732,12.40677966101695,26.338983050847457,59
D096,iX3,South,2278,38.610169491525426,111.57627118644068,59
D106,iX1,West,1624,27.52542372881356,80.50847457627118,59
D020,X1,East,1940,32.88135593220339,60.0,59
D068,X1,South,2933,49.71186440677966,141.42372881355934,59
D068,X3,South,3537,59.94915254237288,173.4915254237288,59
D014,X1,West,2591,43.91525423728814,134.3728813559322,59
D091,iX,East,1537,26.050847457627118,32.644067796610166,59
D099,4 Series,West,1502,25.45762711864407,92.1864406779661,59
D150,i4,North,967,16.389830508474578,37.355932203389834,59
D166,i4,Central,1480,25.084745762711865,61.33898305084746,59
D176,X3,East,1645,27.88135593220339,60.610169491525426,59
D205,3 Series,East,2012,34.101694915254235,67.77966101694915,59
D159,4 Series,East,962,16.305084745762713,21.440677966101696,59
D236,4 Series,West,1476,25.016949152542374,42.355932203389834,59
D230,X5,North,1886,31.966101694915253,78.20338983050847,59
D160,3 Series,West,2403,40.728813559322035,101.40677966101696,59
D168,iX3,North,1153,19.54237288135593,31.8135593220339,59
D242,2 Series,East,952,16.135593220338983,22.305084745762713,59
D243,i7,North,662,11.220338983050848,29.1864406779661,59
D009,i4,South,1235,20.93220338983051,49.101694915254235,59
D043,X3,West,2602,44.101694915254235,143.57627118644066,59
D045,i5,North,1840,31.1864406779661,89.22033898305085,59
D054,4 Series,East,714,12.101694915254237,16.76271186440678,59
D085,iX,West,2000,33.898305084745765,42.271186440677965,59
D023,i7,North,959,16.25423728813559,49.25423728813559,59
D044,i5,South,1511,25.610169491525422,85.22033898305085,59
D075,7 Series,West,661,11.203389830508474,21.305084745762713,59
D098,3 Series,West,1818,30.8135593220339,57.05084745762712,59
D076,5 Series,East,1634,27.694915254237287,52.94915254237288,59
D009,iX,South,1382,23.423728813559322,74.61016949152543,59
D173,i7,West,1059,17.949152542372882,31.508474576271187,59
D205,i7,East,670,11.35593220338983,16.71186440677966,59
D222,X3,East,2745,46.52542372881356,143.3050847457627,59
D204,2 Series,West,1333,22.593220338983052,43.23728813559322,59
D209,iX3,South,2413,40.898305084745765,62.152542372881356,59
D224,X5,South,1651,27.983050847457626,83.30508474576271,59
D119,2 Series,South,1265,21.440677966101696,54.13559322033898,59
D203,i7,East,577,9.779661016949152,19.576271186440678,59
D152,3 Series,South,1548,26.23728813559322,43.08474576271186,59
D225,5 Series,West,1421,24.084745762711865,38.389830508474574,59
D248,5 Series,East,1542,26.135593220338983,52.32203389830509,59
D106,X1,West,2236,37.898305084745765,74.32203389830508,59
D011,i7,East,486,8.23728813559322,10.88135593220339,59
D089,X5,West,2971,50.355932203389834,161.9322033898305,59
D036,iX,North,1453,24.627118644067796,49.440677966101696,59
D013,X7,West,1835,31.10169491525424,50.271186440677965,59
D123,i5,West,2011,34.08474576271186,85.01694915254237,59
D137,5 Series,West,3042,51.559322033898304,185.84745762711864,59
D182,i7,North,567,9.610169491525424,15.88135593220339,59
D155,5 Series,East,1320,22.372881355932204,55.91525423728814,59
D198,4 Series,North,1177,19.949152542372882,58.016949152542374,59
D139,4 Series,South,2174,36.847457627118644,101.94915254237289,59
D171,iX,North,1502,25.45762711864407,69.98305084745763,59
D168,4 Series,North,995,16.864406779661017,37.94915254237288,59
D206,X7,South,1413,23.949152542372882,52.25423728813559,59
D133,4 Series,North,1763,29.88135593220339,55.71186440677966,59
D201,iX3,South,2512,42.57627118644068,83.15254237288136,59
D238,X3,East,1736,29.423728813559322,55.52542372881356,59
D243,X1,North,2211,37.47457627118644,96.35593220338983,59
D032,i4,South,2003,33.94915254237288,83.9322033898305,59
D046,2 Series,Central,910,15.423728813559322,30.06779661016949,59
D087,2 Series,North,706,11.966101694915254,27.64406779661017,59
D111,7 Series,South,656,11.11864406779661,17.271186440677965,59
D018,2 Series,North,1096,18.576271186440678,31.593220338983052,59
D115,X3,East,2279,38.6271186440678,84.1864406779661,59
D071,5 Series,West,2639,44.728813559322035,132.15254237288136,59
D084,4 Series,Central,1053,17.847457627118644,30.45762711864407,59
D211,i4,South,1429,24.220338983050848,59.96610169491525,59
D219,3 Series,East,1148,19.45762711864407,41.30508474576271,59
D220,X7,Central,1166,19.76271186440678,40.54237288135593,59
D124,iX1,East,1709,28.966101694915253,62.45762711864407,59
D078,i7,South,669,11.338983050847459,14.779661016949152,59
D118,3 Series,North,1807,30.627118644067796,63.3728813559322,59
D046,i4,Central,1227,20.796610169491526,37.50847457627118,59
D021,X7,East,972,16.47457627118644,33.25423728813559,59
D104,5 Series,North,2024,34.30508474576271,90.08474576271186,59
D111,iX3,South,1405,23.8135593220339,53.25423728813559,59
D146,X1,Central,1667,28.25423728813559,43.898305084745765,59
D155,X3,East,2346,39.76271186440678,128.05084745762713,59
D164,i4,East,1342,22.74576271186441,33.30508474576271,59
D187,i4,North,1474,24.983050847457626,65.37288135593221,59
D224,5 Series,South,1942,32.91525423728814,52.6271186440678,59
D229,i5,East,1607,27.23728813559322,58.42372881355932,59
D146,2 Series,Central,1021,17.305084745762713,22.694915254237287,59
D191,5 Series,West,2545,43.13559322033898,94.50847457627118,59
D232,i5,Central,1080,18.305084745762713,33.355932203389834,59
D029,i5,East,1522,25.796610169491526,43.20338983050848,59
D055,X3,East,2066,35.016949152542374,79.71186440677967,59
D083,5 Series,North,2195,37.20338983050848,96.98305084745763,59
D094,4 Series,South,1450,24.576271186440678,79.28813559322033,59
D102,3 Series,North,1011,17.135593220338983,26.661016949152543,59
D007,X7,North,759,12.864406779661017,25.050847457627118,59
D015,X3,West,3545,60.08474576271186,190.83050847457628,59
D060,7 Series,West,883,14.966101694915254,27.050847457627118,59
D047,i4,East,1615,27.372881355932204,56.6271186440678,59
D028,X5,Central,2668,45.220338983050844,127.55932203389831,59
D129,4 Series,East,1215,20.593220338983052,59.23728813559322,59
D133,5 Series,North,2674,45.32203389830509,111.86440677966101,59
D180,iX,East,1408,23.864406779661017,62.42372881355932,59
D167,X3,South,2895,49.067796610169495,112.76271186440678,59
D174,7 Series,West,1087,18.423728813559322,32.33898305084746,59
D224,i7,South,629,10.661016949152541,19.728813559322035,59
D181,4 Series,Central,1217,20.627118644067796,52.32203389830509,59
D155,i4,East,1463,24.796610169491526,51.0,59
D194,7 Series,South,1001,16.966101694915253,25.508474576271187,59
D218,4 Series,North,1351,22.89830508474576,66.96610169491525,59
D121,X5,East,2567,43.50847457627118,67.2542372881356,59
D175,iX,West,2164,36.67796610169491,101.0,59
D149,X3,Central,1713,29.033898305084747,45.28813559322034,59
D208,iX1,Central,2153,36.49152542372882,126.28813559322033,59
D207,2 Series,West,2246,38.067796610169495,76.84745762711864,59
D017,4 Series,East,1518,25.728813559322035,44.42372881355932,59
D064,X5,Central,1518,25.728813559322035,62.016949152542374,59
D048,iX3,Central,1727,29.271186440677965,50.898305084745765,59
D076,4 Series,East,1402,23.76271186440678,54.86440677966102,59
D104,2 Series,North,1190,20.16949152542373,31.152542372881356,59
D001,4 Series,North,1518,25.728813559322035,42.59322033898305,59
D133,i7,North,724,12.271186440677965,18.050847457627118,59
D193,i7,West,766,12.983050847457626,20.35593220338983,59
D229,iX,East,1078,18.271186440677965,41.813559322033896,59
D144,2 Series,East,1307,22.152542372881356,55.59322033898305,59
D147,4 Series,North,1184,20.06779661016949,29.16949152542373,59
D142,X5,South,1840,31.1864406779661,73.79661016949153,59
D217,X1,North,2124,36.0,111.30508474576271,59
D228,i7,East,581,9.847457627118644,11.322033898305085,59
D187,X5,North,1703,28.864406779661017,49.355932203389834,59
D199,7 Series,South,636,10.779661016949152,18.135593220338983,59
D192,5 Series,West,2113,35.813559322033896,77.86440677966101,59
D222,iX3,East,1722,29.1864406779661,67.22033898305085,59
D198,X1,North,1908,32.33898305084746,76.7457627118644,59
D240,iX1,West,2193,37.16949152542373,73.15254237288136,59
D248,i5,East,1554,26.338983050847457,67.84745762711864,59
D112,7 Series,West,947,16.050847457627118,30.11864406779661,59
D088,X1,South,1990,33.728813559322035,80.01694915254237,59
D050,X1,West,2820,47.79661016949152,110.42372881355932,59
D124,i5,East,1308,22.16949152542373,56.86440677966102,59
D156,iX3,West,1962,33.25423728813559,74.66101694915254,59
D234,2 Series,West,1350,22.88135593220339,54.3728813559322,59
D236,5 Series,West,2429,41.16949152542373,153.0677966101695,59
D122,X7,West,1271,21.54237288135593,38.440677966101696,59
D153,2 Series,Central,1094,18.54237288135593,56.59322033898305,59
D136,2 Series,South,1452,24.610169491525422,54.271186440677965,59
D138,X7,North,1185,20.084745762711865,40.86440677966102,59
D232,X3,Central,1836,31.11864406779661,77.52542372881356,59
D211,i7,South,889,15.067796610169491,26.0,59
D136,iX1,South,1907,32.32203389830509,67.15254237288136,59
D206,4 Series,South,1621,27.47457627118644,67.76271186440678,59
D231,iX,East,1012,17.152542372881356,23.983050847457626,59
D240,3 Series,West,1812,30.71186440677966,77.30508474576271,59
D002,i4,West,1574,26.677966101694917,54.23728813559322,59
D028,4 Series,Central,1608,27.25423728813559,55.45762711864407,59
D030,i4,East,910,15.423728813559322,23.966101694915253,59
D001,X5,North,1808,30.64406779661017,46.86440677966102,59
D078,X3,South,3268,55.389830508474574,151.35593220338984,59
D139,X3,South,3860,65.42372881355932,233.33898305084745,59
D194,iX3,South,1577,26.728813559322035,86.55932203389831,59
D227,i7,Central,728,12.338983050847459,19.559322033898304,59
D121,X1,East,2640,44.74576271186441,69.84745762711864,59
D169,X5,South,2028,34.3728813559322,69.22033898305085,59
D174,X7,West,1422,24.10169491525424,59.96610169491525,59
D227,2 Series,Central,1501,25.440677966101696,56.610169491525426,59
D155,4 Series,East,986,16.71186440677966,29.084745762711865,59
D202,i4,Central,1975,33.47457627118644,65.61016949152543,59
D234,7 Series,West,849,14.389830508474576,22.661016949152543,59
D120,iX3,North,1161,19.677966101694917,45.16949152542373,59
D138,iX1,North,1718,29.11864406779661,67.03389830508475,59
D084,3 Series,Central,1252,21.220338983050848,33.52542372881356,59
D093,2 Series,Central,1557,26.389830508474578,49.186440677966104,59
D117,i4,North,1629,27.610169491525422,51.559322033898304,59
D005,3 Series,East,1663,28.1864406779661,70.20338983050847,59
D044,3 Series,South,1504,25.491525423728813,48.6271186440678,59
D033,X3,North,2745,46.52542372881356,85.8135593220339,59
D056,iX3,North,1596,27.050847457627118,35.440677966101696,59
D075,4 Series,West,1629,27.610169491525422,75.13559322033899,59
D084,i7,Central,567,9.610169491525424,16.11864406779661,59
D016,X1,West,3479,58.96610169491525,115.44067796610169,59
D117,2 Series,North,1077,18.25423728813559,38.355932203389834,59
D128,4 Series,West,1905,32.28813559322034,70.94915254237289,59
D155,iX,East,881,14.932203389830509,23.0,59
D180,3 Series,East,2077,35.20338983050848,110.9322033898305,59
D138,7 Series,North,731,12.389830508474576,22.661016949152543,59
D137,i7,West,932,15.796610169491526,20.135593220338983,59
D197,iX1,South,2575,43.644067796610166,114.88135593220339,59
D138,X3,North,2222,37.66101694915254,77.55932203389831,59
D128,X1,West,3620,61.355932203389834,159.01694915254237,59
D192,X5,West,1727,29.271186440677965,59.11864406779661,59
D247,7 Series,West,959,16.25423728813559,35.23728813559322,59
D250,5 Series,North,1732,29.35593220338983,78.42372881355932,59
D242,X3,East,1699,28.796610169491526,58.610169491525426,59
D022,i5,South,1603,27.16949152542373,50.03389830508475,59
D057,X7,East,1187,20.11864406779661,62.355932203389834,59
D082,5 Series,East,1536,26.033898305084747,53.898305084745765,59
D010,iX1,North,1978,33.52542372881356,45.79661016949152,59
D095,7 Series,Central,941,15.94915254237288,53.610169491525426,59
D078,3 Series,South,2170,36.779661016949156,65.98305084745763,59
D118,iX1,North,1495,25.338983050847457,45.03389830508475,59
D035,i4,Central,1454,24.64406779661017,57.32203389830509,59
D130,5 Series,West,1822,30.88135593220339,46.847457627118644,59
D150,2 Series,North,1081,18.322033898305083,34.13559322033898,59
D181,i7,Central,591,10.016949152542374,16.406779661016948,59
D205,X5,East,2370,40.16949152542373,87.84745762711864,59
D179,4 Series,Central,1178,19.966101694915253,29.203389830508474,59
D214,i7,East,611,10.35593220338983,13.0,59
D139,X1,South,2903,49.20338983050848,91.8135593220339,59
D220,3 Series,Central,1431,24.25423728813559,70.55932203389831,59
D178,X3,North,2887,48.932203389830505,116.8135593220339,59
D231,X3,East,2056,34.847457627118644,63.3728813559322,59
D043,i4,West,1569,26.593220338983052,54.88135593220339,59
D113,3 Series,East,1782,30.203389830508474,53.559322033898304,59
D103,4 Series,Central,879,14.898305084745763,28.93220338983051,59
D108,iX,West,1687,28.593220338983052,65.91525423728814,59
D105,X1,West,2198,37.25423728813559,111.30508474576271,59
D022,2 Series,South,1153,19.54237288135593,43.05084745762712,59
D124,i4,East,1455,24.661016949152543,53.47457627118644,59
D182,iX,North,1197,20.28813559322034,45.33898305084746,59
D194,2 Series,South,1284,21.76271186440678,38.08474576271186,59
D212,X7,West,1188,20.135593220338983,34.0,59
D157,i4,North,1602,27.152542372881356,50.6271186440678,59
D222,2 Series,East,973,16.491525423728813,33.32203389830509,59
D140,3 Series,East,1674,28.372881355932204,78.7457627118644,59
D205,X7,East,1214,20.576271186440678,42.74576271186441,59
D191,iX3,West,2661,45.101694915254235,86.76271186440678,59
D216,7 Series,South,834,14.135593220338983,29.16949152542373,59
D237,iX3,West,1687,28.593220338983052,47.03389830508475,59
D024,X5,Central,2165,36.69491525423729,113.13559322033899,59
D049,3 Series,West,1691,28.661016949152543,78.79661016949153,59
D082,7 Series,East,897,15.203389830508474,34.66101694915254,59
D117,i7,North,581,9.847457627118644,11.796610169491526,59
D071,2 Series,West,1834,31.084745762711865,66.50847457627118,59
D118,4 Series,North,1217,20.627118644067796,43.440677966101696,59
D029,5 Series,East,2325,39.40677966101695,68.69491525423729,59
D094,X7,South,1030,17.45762711864407,24.389830508474578,59
D082,X3,East,2347,39.779661016949156,57.83050847457627,59
D117,4 Series,North,1698,28.779661016949152,67.98305084745763,59
D087,i7,North,385,6.52542372881356,12.067796610169491,59
D118,X5,North,1659,28.11864406779661,80.0677966101695,59
D128,5 Series,West,3290,55.76271186440678,135.76271186440678,59
D134,X1,East,1834,31.084745762711865,51.389830508474574,59
D168,i7,North,531,9.0,10.932203389830509,59
D173,iX3,West,2242,38.0,95.30508474576271,59
D175,X3,West,4363,73.94915254237289,213.40677966101694,59
D193,3 Series,West,1875,31.779661016949152,97.47457627118644,59
D169,5 Series,South,1277,21.64406779661017,32.69491525423729,59
D202,X7,Central,1170,19.83050847457627,48.0,59
D227,4 Series,Central,1612,27.322033898305083,63.71186440677966,59
D233,X1,North,2802,47.49152542372882,109.22033898305085,59
D141,i5,Central,1300,22.033898305084747,46.932203389830505,59
D177,5 Series,West,2205,37.3728813559322,97.0677966101695,59
D166,5 Series,Central,1993,33.779661016949156,78.88135593220339,59
D180,X1,East,2141,36.28813559322034,84.72881355932203,59
D194,X1,South,2750,46.610169491525426,75.7457627118644,59
D154,5 Series,South,2350,39.83050847457627,84.64406779661017,59
D135,i5,West,1684,28.54237288135593,44.88135593220339,59
D243,X5,North,2053,34.79661016949152,66.86440677966101,59
D247,5 Series,West,1877,31.8135593220339,73.37288135593221,59
D242,i7,East,400,6.779661016949152,7.762711864406779,59
D054,X1,East,1263,21.406779661016948,29.23728813559322,59
D067,7 Series,Central,725,12.288135593220339,19.389830508474578,59
D082,i7,East,777,13.169491525423728,25.406779661016948,59
D023,2 Series,North,1633,27.677966101694917,47.47457627118644,59
D016,X3,West,3109,52.69491525423729,99.38983050847457,59
D021,7 Series,East,623,10.559322033898304,13.983050847457626,59
D059,i4,West,1354,22.949152542372882,48.11864406779661,59
D092,5 Series,Central,2411,40.86440677966102,87.98305084745763,59
D058,iX,North,1438,24.372881355932204,46.96610169491525,59
D166,X7,Central,1000,16.949152542372882,28.89830508474576,59
D188,X3,South,1993,33.779661016949156,65.49152542372882,59
D212,7 Series,West,802,13.59322033898305,29.10169491525424,59
D222,i5,East,1283,21.74576271186441,40.32203389830509,59
D135,i7,West,756,12.813559322033898,22.983050847457626,59
D174,iX,West,1537,26.050847457627118,44.898305084745765,59
D168,X3,North,2282,38.67796610169491,121.71186440677967,59
D193,4 Series,West,1837,31.135593220338983,52.47457627118644,59
D210,4 Series,West,1580,26.779661016949152,43.152542372881356,59
D157,X1,North,2496,42.30508474576271,74.15254237288136,59
D139,3 Series,South,2621,44.42372881355932,89.0,59
D176,i4,East,1158,19.627118644067796,31.45762711864407,59
D032,iX1,South,2809,47.610169491525426,101.37288135593221,59
D083,7 Series,North,1067,18.084745762711865,50.42372881355932,59
D015,X7,West,1362,23.084745762711865,51.57627118644068,59
D058,X5,North,1823,30.89830508474576,58.40677966101695,59
D064,5 Series,Central,1178,19.966101694915253,35.813559322033896,59
D036,i5,North,1945,32.96610169491525,71.86440677966101,59
D116,i4,East,1638,27.76271186440678,60.16949152542373,59
D106,X5,West,1966,33.32203389830509,90.27118644067797,59
D088,iX3,South,1681,28.491525423728813,47.11864406779661,59
D072,X5,North,1930,32.71186440677966,78.33898305084746,59
D137,2 Series,West,1946,32.983050847457626,61.932203389830505,59
D175,4 Series,West,1650,27.966101694915253,75.98305084745763,59
D163,X7,East,1195,20.25423728813559,45.016949152542374,59
D205,i4,East,1241,21.033898305084747,45.016949152542374,59
D211,3 Series,South,2125,36.016949152542374,92.15254237288136,59
D210,X7,West,1408,23.864406779661017,50.13559322033898,59
D043,iX3,West,1774,30.06779661016949,67.59322033898304,59
D079,5 Series,East,1517,25.71186440677966,56.94915254237288,59
D017,i4,East,1704,28.88135593220339,61.016949152542374,59
D019,3 Series,Central,1253,21.23728813559322,42.08474576271186,59
D026,7 Series,West,1349,22.864406779661017,41.16949152542373,59
D074,i7,North,790,13.389830508474576,31.47457627118644,59
D087,4 Series,North,903,15.305084745762711,38.0,59
D079,4 Series,East,1008,17.084745762711865,28.74576271186441,59
D132,i5,East,957,16.220338983050848,25.593220338983052,59
D145,i4,Central,1444,24.47457627118644,50.96610169491525,59
D142,2 Series,South,1338,22.677966101694917,43.54237288135593,59
D229,3 Series,East,1592,26.983050847457626,63.016949152542374,59
D151,i5,Central,2237,37.91525423728814,86.13559322033899,59
D152,i7,South,611,10.35593220338983,15.932203389830509,59
D221,i5,North,1567,26.559322033898304,65.9322033898305,59
D156,iX,West,1243,21.06779661016949,65.35593220338983,59
D138,iX3,North,1463,24.796610169491526,42.016949152542374,59
D188,3 Series,South,1212,20.54237288135593,32.644067796610166,59
D219,5 Series,East,1196,20.271186440677965,47.54237288135593,59
D126,iX,East,1745,29.576271186440678,86.77966101694915,59
D167,2 Series,South,1201,20.35593220338983,28.406779661016948,59
D010,3 Series,North,2043,34.6271186440678,61.69491525423729,59
D089,iX3,West,2559,43.3728813559322,118.57627118644068,59
D067,iX1,Central,1611,27.305084745762713,42.6271186440678,59
D076,3 Series,East,1414,23.966101694915253,48.59322033898305,59
D005,X3,East,2048,34.71186440677966,56.271186440677965,59
D024,iX1,Central,1530,25.93220338983051,70.45762711864407,59
D035,X3,Central,2524,42.779661016949156,86.47457627118644,59
D011,iX1,East,1625,27.54237288135593,47.0,59
D043,i5,West,1445,24.491525423728813,57.54237288135593,59
D140,X5,East,1695,28.728813559322035,41.28813559322034,59
D200,i5,Central,1307,22.152542372881356,30.35593220338983,59
D139,iX3,South,2025,34.32203389830509,63.813559322033896,59
D125,iX3,Central,1654,28.033898305084747,84.52542372881356,59
D215,X5,West,2454,41.59322033898305,85.50847457627118,59
D196,X3,North,2544,43.11864406779661,130.8135593220339,59
D218,2 Series,North,1071,18.152542372881356,35.47457627118644,59
D236,7 Series,West,1129,19.135593220338983,25.88135593220339,59
D244,4 Series,West,2206,37.389830508474574,106.40677966101696,59
D248,X3,East,2539,43.03389830508475,83.27118644067797,59
D087,X5,North,1756,29.76271186440678,72.0,59
D090,i7,Central,642,10.88135593220339,15.016949152542374,59
D056,5 Series,North,1389,23.54237288135593,59.610169491525426,59
D070,X3,East,3141,53.23728813559322,105.0,59
D068,iX1,South,2469,41.847457627118644,97.9322033898305,59
D107,i7,West,899,15.23728813559322,24.406779661016948,59
D126,X1,East,2128,36.067796610169495,87.30508474576271,59
D158,i5,East,1955,33.13559322033898,72.38983050847457,59
D121,7 Series,East,723,12.254237288135593,15.864406779661017,59
D154,2 Series,South,1479,25.06779661016949,51.067796610169495,59
D164,4 Series,East,1762,29.864406779661017,54.610169491525426,59
D008,5 Series,West,2925,49.57627118644068,100.30508474576271,59
D070,iX,East,1647,27.915254237288135,86.20338983050847,59
D109,3 Series,East,1429,24.220338983050848,67.08474576271186,59
D031,i5,East,1265,21.440677966101696,62.13559322033898,59
D032,7 Series,South,1108,18.779661016949152,54.932203389830505,59
D068,i7,South,691,11.711864406779661,16.89830508474576,59
D103,i7,Central,540,9.152542372881356,11.23728813559322,59
D110,X1,West,2229,37.779661016949156,78.71186440677967,59
D069,X3,North,3646,61.79661016949152,258.79661016949154,59
D095,iX,Central,1207,20.45762711864407,24.64406779661017,59
D109,X3,East,1839,31.16949152542373,48.11864406779661,59
D145,5 Series,Central,2163,36.66101694915254,68.33898305084746,59
D229,X3,East,2275,38.559322033898304,110.27118644067797,59
D182,iX1,North,1291,21.88135593220339,46.45762711864407,59
D211,iX3,South,1525,25.847457627118644,38.91525423728814,59
D216,2 Series,South,1850,31.35593220338983,63.220338983050844,59
D128,iX3,West,2297,38.932203389830505,87.98305084745763,59
D167,i5,South,1627,27.576271186440678,59.57627118644068,59
D164,X3,East,3394,57.52542372881356,208.96610169491527,59
D174,4 Series,West,2169,36.76271186440678,98.30508474576271,59
D194,X5,South,2610,44.23728813559322,107.71186440677967,59
D179,5 Series,Central,1654,28.033898305084747,53.389830508474574,59
D011,7 Series,East,774,13.11864406779661,23.559322033898304,59
D093,iX3,Central,2113,35.813559322033896,67.44067796610169,59
D107,X5,West,2687,45.54237288135593,156.91525423728814,59
D040,X7,West,1498,25.389830508474578,37.898305084745765,59
D014,i4,West,1303,22.084745762711865,44.186440677966104,59
D096,5 Series,South,2456,41.6271186440678,73.42372881355932,59
D050,X5,West,2743,46.49152542372882,102.44067796610169,59
D005,5 Series,East,1663,28.1864406779661,44.50847457627118,59
D062,3 Series,West,2296,38.91525423728814,99.20338983050847,59
D028,5 Series,Central,2238,37.932203389830505,73.28813559322033,59
D129,2 Series,East,863,14.627118644067796,19.52542372881356,59
D139,iX,South,2106,35.69491525423729,81.86440677966101,59
D179,i5,Central,1532,25.966101694915253,67.69491525423729,59
D220,5 Series,Central,1720,29.152542372881356,48.40677966101695,59
D176,i7,East,505,8.559322033898304,11.94915254237288,59
D201,X1,South,3310,56.101694915254235,194.6949152542373,59
D049,i7,West,925,15.677966101694915,21.203389830508474,59
D054,i5,East,1063,18.016949152542374,56.42372881355932,59
D062,5 Series,West,2600,44.067796610169495,168.52542372881356,59
D086,X7,West,1754,29.728813559322035,83.86440677966101,59
D064,4 Series,Central,990,16.779661016949152,29.23728813559322,59
D016,4 Series,West,1776,30.10169491525424,60.355932203389834,59
D026,4 Series,West,2023,34.28813559322034,84.03389830508475,59
D039,i4,South,2412,40.88135593220339,71.72881355932203,59
D005,2 Series,East,1304,22.10169491525424,61.440677966101696,59
D078,4 Series,South,1498,25.389830508474578,40.847457627118644,59
D116,i5,East,1259,21.338983050847457,31.152542372881356,59
D168,3 Series,North,1541,26.11864406779661,87.20338983050847,59
D220,iX1,Central,1831,31.033898305084747,72.23728813559322,59
D198,5 Series,North,1861,31.54237288135593,60.0,59
D200,iX,Central,1443,24.45762711864407,40.45762711864407,59
D233,7 Series,North,1085,18.389830508474578,33.52542372881356,59
D131,X5,East,1489,25.23728813559322,50.50847457627118,59
D145,iX,Central,1312,22.23728813559322,34.13559322033898,59
D146,X7,Central,1090,18.47457627118644,31.322033898305083,59
D152,X1,South,2310,39.152542372881356,79.7457627118644,59
D218,i7,North,775,13.135593220338983,34.08474576271186,59
D197,X7,South,1908,32.33898305084746,86.49152542372882,59
D184,7 Series,West,960,16.271186440677965,39.220338983050844,59
D238,5 Series,East,1468,24.88135593220339,51.45762711864407,59
D247,X3,West,2255,38.220338983050844,74.54237288135593,59
D106,3 Series,West,1418,24.033898305084747,44.610169491525426,59
D024,2 Series,Central,1261,21.372881355932204,38.30508474576271,59
D060,3 Series,West,1547,26.220338983050848,46.389830508474574,59
D062,X7,West,1849,31.338983050847457,86.10169491525424,59
D064,7 Series,Central,500,8.474576271186441,13.305084745762711,59
D110,i7,West,667,11.305084745762711,15.135593220338983,59
D091,4 Series,East,1087,18.423728813559322,41.42372881355932,59
D186,4 Series,East,1206,20.440677966101696,36.49152542372882,59
D204,X1,West,2459,41.67796610169491,100.30508474576271,59
D227,3 Series,Central,2085,35.33898305084746,92.30508474576271,59
D131,X7,East,897,15.203389830508474,36.13559322033898,59
D177,2 Series,West,1611,27.305084745762713,58.6271186440678,59
D191,iX1,West,2551,43.23728813559322,128.79661016949152,59
D211,X5,South,2219,37.610169491525426,69.03389830508475,59
D201,X3,South,3549,60.152542372881356,156.03389830508473,59
D223,X7,West,1441,24.423728813559322,44.016949152542374,59
D175,2 Series,West,1474,24.983050847457626,47.54237288135593,59
D143,i7,South,1056,17.89830508474576,22.796610169491526,59
D216,i5,South,2240,37.96610169491525,101.54237288135593,59
D184,iX1,West,2657,45.03389830508475,79.9322033898305,59
D242,i4,East,1132,19.1864406779661,36.0,59
D243,i5,North,1618,27.423728813559322,56.76271186440678,59
D242,iX,East,806,13.661016949152541,33.983050847457626,59
D043,X1,West,1781,30.1864406779661,60.3728813559322,59
D047,iX,East,1756,29.76271186440678,55.813559322033896,59
D105,7 Series,West,859,14.559322033898304,25.28813559322034,59
D004,iX,East,1025,17.372881355932204,25.677966101694917,59
D061,iX,Central,1399,23.71186440677966,32.03389830508475,59
D007,5 Series,North,1286,21.796610169491526,45.23728813559322,59
D132,iX1,East,1073,18.1864406779661,26.152542372881356,59
D177,X1,West,2976,50.440677966101696,87.38983050847457,59
D124,i7,East,644,10.915254237288135,22.084745762711865,59
D158,X7,East,1364,23.11864406779661,42.88135593220339,59
D131,iX1,East,1477,25.033898305084747,52.67796610169491,59
D205,5 Series,East,2250,38.13559322033898,89.83050847457628,59
D170,X7,North,1315,22.28813559322034,44.08474576271186,59
D203,2 Series,East,1297,21.983050847457626,36.355932203389834,59
D162,iX,West,2201,37.30508474576271,72.42372881355932,59
D246,i4,North,1936,32.813559322033896,75.94915254237289,59
D244,iX3,West,2319,39.30508474576271,77.62711864406779,59
D024,iX3,Central,1507,25.54237288135593,44.03389830508475,59
D077,X7,South,1357,23.0,36.559322033898304,59
D007,4 Series,North,1010,17.11864406779661,60.03389830508475,59
D026,2 Series,West,1530,25.93220338983051,54.69491525423729,59
D064,X3,Central,1862,31.559322033898304,77.44067796610169,59
D131,7 Series,East,629,10.661016949152541,17.64406779661017,59
D210,X1,West,3156,53.49152542372882,171.01694915254237,59
D138,X5,North,1602,27.152542372881356,61.28813559322034,59
D122,X5,West,1656,28.06779661016949,85.98305084745763,59
D179,X1,Central,2095,35.50847457627118,56.389830508474574,59
D216,i4,South,1641,27.8135593220339,45.42372881355932,59
D124,2 Series,East,1139,19.305084745762713,31.389830508474578,59
D142,iX1,South,2430,41.186440677966104,101.22033898305085,59
D147,7 Series,North,900,15.254237288135593,33.101694915254235,59
D213,7 Series,West,1449,24.559322033898304,64.30508474576271,59
D072,iX1,North,2015,34.152542372881356,70.76271186440678,59
D104,7 Series,North,790,13.389830508474576,17.423728813559322,59
D055,iX3,East,1505,25.508474576271187,71.96610169491525,59
D076,X3,East,2196,37.220338983050844,71.7457627118644,59
D111,3 Series,South,1641,27.8135593220339,44.54237288135593,59
D115,iX3,East,1595,27.033898305084747,52.20338983050848,59
D010,iX3,North,2372,40.20338983050848,94.77966101694915,59
D010,X1,North,2378,40.30508474576271,96.03389830508475,59
D034,i4,East,1108,18.779661016949152,46.47457627118644,59
D013,5 Series,West,2618,44.3728813559322,83.15254237288136,59
D016,3 Series,West,2038,34.54237288135593,113.22033898305085,59
D176,X1,East,1502,25.45762711864407,65.8135593220339,59
D131,X3,East,2046,34.67796610169491,72.49152542372882,59
D175,X1,West,3134,53.11864406779661,107.42372881355932,59
D194,X7,South,1269,21.508474576271187,40.08474576271186,59
D203,4 Series,East,1290,21.864406779661017,49.08474576271186,59
D148,X5,South,2424,41.08474576271186,78.83050847457628,59
D179,iX1,Central,1582,26.8135593220339,69.40677966101696,59
D200,4 Series,Central,1146,19.423728813559322,30.915254237288135,59
D173,X7,West,1768,29.966101694915253,52.25423728813559,59
D214,4 Series,East,1479,25.06779661016949,70.54237288135593,59
D241,7 Series,North,1068,18.10169491525424,39.220338983050844,59
D036,X5,North,2096,35.52542372881356,85.52542372881356,59
D033,i4,North,1702,28.847457627118644,81.76271186440678,59
D056,i7,North,697,11.813559322033898,15.542372881355933,59
D066,4 Series,South,1976,33.49152542372882,93.42372881355932,59
D087,X7,North,858,14.542372881355933,31.0,59
D080,3 Series,West,2770,46.94915254237288,89.40677966101696,59
D002,5 Series,West,2135,36.186440677966104,60.186440677966104,59
D119,i7,South,533,9.033898305084746,12.474576271186441,59
D140,iX1,East,1730,29.322033898305083,67.98305084745763,59
D161,iX1,Central,1423,24.11864406779661,46.79661016949152,59
D198,3 Series,North,1808,30.64406779661017,54.91525423728814,59
D226,i5,South,2132,36.13559322033898,68.44067796610169,59
D121,iX1,East,1734,29.389830508474578,50.983050847457626,59
D219,iX3,East,1545,26.1864406779661,85.27118644067797,59
D193,X3,West,3534,59.898305084745765,120.2542372881356,59
D129,X7,East,1011,17.135593220338983,28.983050847457626,59
D179,iX3,Central,1663,28.1864406779661,44.067796610169495,59
D190,i5,South,1534,26.0,57.42372881355932,59
D157,iX1,North,1986,33.66101694915254,74.11864406779661,59
D206,3 Series,South,1625,27.54237288135593,47.067796610169495,59
D171,5 Series,North,2271,38.49152542372882,77.7457627118644,59
D191,i4,West,2024,34.30508474576271,86.30508474576271,59
D013,X5,West,2863,48.52542372881356,153.6271186440678,59
D060,5 Series,West,1534,26.0,63.28813559322034,59
D034,5 Series,East,1268,21.491525423728813,44.152542372881356,59
D036,2 Series,North,1218,20.64406779661017,63.389830508474574,59
D106,4 Series,West,1582,26.8135593220339,51.30508474576271,59
D015,iX1,West,1921,32.559322033898304,49.220338983050844,59
D066,X5,South,2359,39.983050847457626,122.84745762711864,59
D108,X1,West,3065,51.94915254237288,83.20338983050847,59
D132,5 Series,East,1426,24.16949152542373,40.42372881355932,59
D170,X1,North,1811,30.694915254237287,83.88135593220339,59
D184,X3,West,3335,56.52542372881356,110.94915254237289,59
D185,i4,East,1430,24.23728813559322,59.88135593220339,59
D186,i4,East,950,16.10169491525424,27.135593220338983,59
D228,3 Series,East,1180,20.0,53.71186440677966,59
D234,X7,West,1323,22.423728813559322,35.6271186440678,59
D133,iX3,North,2345,39.74576271186441,137.98305084745763,59
D140,X3,East,2299,38.96610169491525,63.559322033898304,59
D197,iX3,South,2078,35.220338983050844,64.64406779661017,59
D202,2 Series,Central,1346,22.8135593220339,37.25423728813559,59
D231,iX1,East,1525,25.847457627118644,40.79661016949152,59
D125,X1,Central,2830,47.96610169491525,132.15254237288136,59
D131,5 Series,East,1505,25.508474576271187,49.847457627118644,59
D162,iX1,West,2203,37.33898305084746,95.05084745762711,59
D212,4 Series,West,1522,25.796610169491526,48.94915254237288,59
D190,iX3,South,1883,31.915254237288135,89.08474576271186,59
D250,3 Series,North,2032,34.440677966101696,72.1864406779661,59
D010,4 Series,North,1418,24.033898305084747,98.89830508474576,59
D093,4 Series,Central,1218,20.64406779661017,49.52542372881356,59
D099,5 Series,West,1838,31.152542372881356,57.813559322033896,59
D117,X1,North,2363,40.05084745762712,118.64406779661017,59
D026,5 Series,West,2627,44.52542372881356,116.20338983050847,59
D036,iX3,North,1982,33.59322033898305,84.0,59
D061,X5,Central,2588,43.86440677966102,89.7457627118644,59
D153,i4,Central,1400,23.728813559322035,61.13559322033898,59
D180,i7,East,650,11.016949152542374,14.491525423728813,59
D203,X5,East,2059,34.898305084745765,86.35593220338983,59
D216,X7,South,1500,25.423728813559322,66.69491525423729,59
D146,i4,Central,1104,18.71186440677966,28.983050847457626,59
D152,i4,South,1708,28.949152542372882,65.30508474576271,59
D126,5 Series,East,2136,36.20338983050848,89.35593220338983,59
D210,X5,West,2585,43.813559322033896,85.08474576271186,59
D119,iX,South,1485,25.16949152542373,37.3728813559322,59
D143,3 Series,South,2217,37.57627118644068,71.45762711864407,59
D238,X1,East,1497,25.372881355932204,56.067796610169495,59
D243,4 Series,North,1265,21.440677966101696,26.47457627118644,59
D015,i7,West,682,11.559322033898304,25.93220338983051,59
D027,4 Series,East,1049,17.779661016949152,27.983050847457626,59
D095,4 Series,Central,1324,22.440677966101696,44.08474576271186,59
D076,X1,East,1614,27.35593220338983,54.11864406779661,59
D043,7 Series,West,756,12.813559322033898,17.406779661016948,59
D183,iX1,East,1713,29.033898305084747,70.91525423728814,59
D157,X5,North,2347,39.779661016949156,107.7457627118644,59
D229,i4,East,1133,19.203389830508474,49.40677966101695,59
D155,i7,East,620,10.508474576271187,24.8135593220339,59
D199,X3,South,2101,35.610169491525426,53.271186440677965,59
D165,X1,East,1517,25.71186440677966,46.355932203389834,59
D165,X7,East,777,13.169491525423728,17.305084745762713,59
D167,iX3,South,2019,34.220338983050844,67.64406779661017,59
D210,iX3,West,2465,41.779661016949156,83.89830508474576,59
D197,i4,South,2379,40.32203389830509,83.47457627118644,59
D187,4 Series,North,1280,21.694915254237287,51.6271186440678,59
D236,iX3,West,1777,30.11864406779661,75.01694915254237,59
D242,3 Series,East,1147,19.440677966101696,28.661016949152543,59
D249,2 Series,West,1440,24.406779661016948,36.0,59
D079,X3,East,1665,28.220338983050848,59.559322033898304,59
D008,i4,West,1690,28.64406779661017,54.91525423728814,59
D045,2 Series,North,1028,17.423728813559322,38.13559322033898,59
D060,2 Series,West,1123,19.033898305084747,46.13559322033898,59
D012,X1,Central,1807,30.627118644067796,61.6271186440678,59
D030,iX3,East,1035,17.54237288135593,42.728813559322035,59
D032,iX,South,2115,35.847457627118644,63.610169491525426,59
D066,iX1,South,2326,39.42372881355932,66.61016949152543,59
D070,iX1,East,1975,33.47457627118644,41.932203389830505,59
D072,3 Series,North,1664,28.203389830508474,58.11864406779661,59
D107,iX,West,2243,38.016949152542374,119.13559322033899,59
D048,i5,Central,2055,34.83050847457627,89.67796610169492,59
D203,X7,East,1041,17.64406779661017,37.16949152542373,59
D215,i4,West,1799,30.491525423728813,100.72881355932203,59
D133,X5,North,2330,39.49152542372882,114.71186440677967,59
D232,3 Series,Central,1119,18.966101694915253,31.11864406779661,59
D145,i7,Central,671,11.372881355932204,20.983050847457626,59
D172,X5,North,2575,43.644067796610166,84.42372881355932,59
D207,5 Series,West,2790,47.28813559322034,90.79661016949153,59
D239,3 Series,South,1620,27.45762711864407,59.40677966101695,59
D077,X5,South,2830,47.96610169491525,88.30508474576271,59
D014,2 Series,West,1204,20.406779661016948,39.779661016949156,59
D061,2 Series,Central,1435,24.322033898305083,49.067796610169495,59
D047,X5,East,2496,42.30508474576271,139.89830508474577,59
D041,X7,North,1224,20.74576271186441,36.13559322033898,59
D097,iX3,South,1962,33.25423728813559,73.45762711864407,59
D083,X5,North,2221,37.644067796610166,117.0,59
D111,X1,South,2257,38.25423728813559,168.42372881355934,59
D128,i7,West,1188,20.135593220338983,41.86440677966102,59
D212,X1,West,2243,38.016949152542374,60.559322033898304,59
D124,iX3,East,1394,23.627118644067796,28.779661016949152,59
D131,3 Series,East,1154,19.559322033898304,32.69491525423729,59
D190,7 Series,South,1003,17.0,34.813559322033896,59
D149,X1,Central,1538,26.06779661016949,49.49152542372882,59
D244,i4,West,1962,33.25423728813559,69.52542372881356,59
D238,iX,East,840,14.23728813559322,24.23728813559322,59
D004,X3,East,1553,26.322033898305083,54.11864406779661,59
D075,iX,West,1494,25.322033898305083,41.74576271186441,59
D098,iX,West,1286,21.796610169491526,33.067796610169495,59
D098,iX3,West,1365,23.135593220338983,61.11864406779661,59
D091,X5,East,2157,36.559322033898304,95.40677966101696,59
D015,4 Series,West,1398,23.694915254237287,43.96610169491525,59
D043,i7,West,661,11.203389830508474,18.0,59
D020,X3,East,2009,34.05084745762712,79.08474576271186,59
D225,X3,West,2610,44.23728813559322,92.98305084745763,59
D166,7 Series,Central,707,11.983050847457626,22.033898305084747,59
D172,2 Series,North,1684,28.54237288135593,72.35593220338983,59
D211,2 Series,South,1150,19.491525423728813,67.23728813559322,59
D225,X5,West,1767,29.949152542372882,49.16949152542373,59
D217,iX,North,1087,18.423728813559322,41.152542372881356,59
D212,iX,West,1508,25.559322033898304,55.40677966101695,59
D249,3 Series,West,1949,33.03389830508475,99.7457627118644,59
D243,i4,North,1338,22.677966101694917,68.69491525423729,59
D027,5 Series,East,1992,33.76271186440678,83.7457627118644,59
D054,X7,East,896,15.186440677966102,31.305084745762713,59
D066,i7,South,1045,17.71186440677966,27.796610169491526,59
D083,X3,North,3230,54.74576271186441,105.45762711864407,59
D090,X5,Central,1555,26.35593220338983,42.67796610169491,59
D099,iX,West,1196,20.271186440677965,32.74576271186441,59
D105,i4,West,1638,27.76271186440678,64.72881355932203,59
D024,7 Series,Central,891,15.101694915254237,36.559322033898304,59
D050,iX1,West,2258,38.271186440677965,82.35593220338983,59
D072,X7,North,1173,19.88135593220339,46.33898305084746,59
D009,i5,South,1527,25.88135593220339,50.6271186440678,59
D039,3 Series,South,2671,45.271186440677965,76.08474576271186,59
D064,iX3,Central,1530,25.93220338983051,57.6271186440678,59
D113,X5,East,2044,34.644067796610166,79.16949152542372,59
D149,i4,Central,1081,18.322033898305083,36.983050847457626,59
D197,X1,South,3312,56.13559322033898,165.35593220338984,59
D201,iX,South,1682,28.508474576271187,72.20338983050847,59
D213,X3,West,4067,68.9322033898305,108.61016949152543,59
D235,i7,East,437,7.406779661016949,8.491525423728813,59
D207,iX1,West,2847,48.25423728813559,114.38983050847457,59
D194,iX,South,1434,24.305084745762713,49.86440677966102,59
D128,3 Series,West,2544,43.11864406779661,87.77966101694915,59
D127,X7,North,1018,17.25423728813559,36.813559322033896,59
D249,7 Series,West,912,15.457627118644067,19.16949152542373,59
D080,X3,West,3813,64.62711864406779,174.52542372881356,59
D114,5 Series,East,1337,22.661016949152543,44.28813559322034,59
D035,i7,Central,719,12.186440677966102,26.050847457627118,59
D052,i7,North,693,11.745762711864407,18.135593220338983,59
D053,iX1,South,2036,34.50847457627118,72.13559322033899,59
D078,iX,South,1824,30.915254237288135,88.45762711864407,59
D122,i4,West,1288,21.83050847457627,61.54237288135593,59
D164,i7,East,686,11.627118644067796,20.966101694915253,59
D190,3 Series,South,1736,29.423728813559322,82.15254237288136,59
D141,X3,Central,2767,46.898305084745765,145.77966101694915,59
D182,5 Series,North,1262,21.389830508474578,29.423728813559322,59
D216,X1,South,2744,46.50847457627118,112.2542372881356,59
D219,iX1,East,1264,21.423728813559322,26.864406779661017,59
D221,iX3,North,1785,30.25423728813559,59.94915254237288,59
D222,X5,East,1726,29.25423728813559,77.37288135593221,59
D178,2 Series,North,1386,23.491525423728813,37.45762711864407,59
D209,iX,South,1548,26.23728813559322,50.932203389830505,59
D223,X1,West,2492,42.23728813559322,85.89830508474576,59
D169,3 Series,South,1461,24.76271186440678,70.83050847457628,59
D208,iX3,Central,1946,32.983050847457626,105.50847457627118,59
D161,X1,Central,1830,31.016949152542374,57.16949152542373,59
D249,iX1,West,2597,44.016949152542374,113.84745762711864,59
D037,X1,Central,2491,42.220338983050844,79.8135593220339,59
D042,5 Series,West,3261,55.271186440677965,99.49152542372882,59
D098,i4,West,1175,19.915254237288135,51.69491525423729,59
D034,3 Series,East,1596,27.050847457627118,67.22033898305085,59
D033,i5,North,1750,29.661016949152543,69.45762711864407,59
D082,2 Series,East,1118,18.949152542372882,41.20338983050848,59
D060,i7,West,754,12.779661016949152,16.64406779661017,59
D092,iX1,Central,1894,32.101694915254235,99.37288135593221,59
D034,iX1,East,1781,30.1864406779661,67.72881355932203,59
D082,i5,East,1927,32.66101694915254,45.440677966101696,59
D046,X5,Central,1975,33.47457627118644,60.47457627118644,59
D123,7 Series,West,1103,18.694915254237287,43.30508474576271,59
D219,2 Series,East,876,14.847457627118644,27.728813559322035,59
D195,iX,Central,1453,24.627118644067796,72.71186440677967,59
D131,i5,East,1405,23.8135593220339,65.22033898305085,59
D247,X7,West,1188,20.135593220338983,43.96610169491525,59
D248,iX1,East,1549,26.25423728813559,57.40677966101695,59
D046,4 Series,Central,1213,20.559322033898304,46.47457627118644,59
D040,i4,West,1808,30.64406779661017,71.0677966101695,59
D050,5 Series,West,2948,49.96610169491525,119.1864406779661,59
D110,iX3,West,2059,34.898305084745765,76.7457627118644,59
D066,2 Series,South,1600,27.11864406779661,54.96610169491525,59
D094,i5,South,1573,26.661016949152543,66.66101694915254,59
D002,i5,West,1441,24.423728813559322,37.11864406779661,59
D042,X5,West,2650,44.91525423728814,136.3050847457627,59
D070,5 Series,East,2020,34.23728813559322,80.50847457627118,59
D094,X3,South,2256,38.23728813559322,101.35593220338983,59
D093,i5,Central,1767,29.949152542372882,44.94915254237288,59
D052,X3,North,3385,57.3728813559322,133.6949152542373,59
D103,iX3,Central,982,16.64406779661017,36.440677966101696,59
D065,5 Series,East,2193,37.16949152542373,86.23728813559322,59
D157,5 Series,North,2484,42.101694915254235,135.6271186440678,59
D200,3 Series,Central,1526,25.864406779661017,41.74576271186441,59
D235,X7,East,717,12.152542372881356,18.322033898305083,59
D184,iX,West,1675,28.389830508474578,59.54237288135593,59
D200,iX1,Central,1511,25.610169491525422,69.27118644067797,59
D186,iX,East,1122,19.016949152542374,31.389830508474578,59
D198,2 Series,North,943,15.983050847457626,32.101694915254235,59
D238,X7,East,728,12.338983050847459,19.847457627118644,59
D239,7 Series,South,651,11.033898305084746,16.440677966101696,59
D237,2 Series,West,1249,21.16949152542373,36.610169491525426,59
D240,X1,West,2883,48.86440677966102,71.59322033898304,59
D248,X7,East,1305,22.11864406779661,51.20338983050848,59
D031,2 Series,East,928,15.728813559322035,22.796610169491526,59
D097,4 Series,South,1696,28.74576271186441,60.67796610169491,59
D031,iX1,East,1505,25.508474576271187,39.440677966101696,59
D040,X3,West,2358,39.96610169491525,88.59322033898304,59
D041,4 Series,North,1682,28.508474576271187,44.0,59
D045,4 Series,North,1243,21.06779661016949,41.932203389830505,59
D053,i7,South,625,10.59322033898305,15.542372881355933,59
D043,2 Series,West,1121,19.0,42.33898305084746,59
D090,X1,Central,2364,40.067796610169495,94.94915254237289,59
D017,i5,East,1610,27.28813559322034,65.23728813559322,59
D061,X7,Central,1297,21.983050847457626,64.03389830508475,59
D088,X7,South,995,16.864406779661017,29.661016949152543,59
D137,3 Series,West,3048,51.66101694915254,123.05084745762711,59
D201,5 Series,South,3053,51.74576271186441,136.05084745762713,59
D215,4 Series,West,1244,21.084745762711865,48.186440677966104,59
D222,7 Series,East,639,10.830508474576272,25.322033898305083,59
D233,X3,North,3552,60.20338983050848,135.88135593220338,59
D235,i5,East,983,16.661016949152543,37.779661016949156,59
D184,3 Series,West,2073,35.13559322033898,83.11864406779661,59
D183,X5,East,1909,32.355932203389834,59.898305084745765,59
D187,iX3,North,1914,32.440677966101696,82.03389830508475,59
D148,3 Series,South,1744,29.559322033898304,55.96610169491525,59
D207,iX3,West,2359,39.983050847457626,88.16949152542372,59
D128,7 Series,West,1034,17.52542372881356,33.13559322033898,59
D154,X3,South,2781,47.13559322033898,76.38983050847457,59
D220,iX3,Central,1738,29.45762711864407,94.37288135593221,59
D198,X7,North,1147,19.440677966101696,28.576271186440678,59
D174,5 Series,West,2358,39.96610169491525,78.08474576271186,59
D241,4 Series,North,1658,28.10169491525424,71.88135593220339,59
D240,i4,West,1444,24.47457627118644,65.0677966101695,59
D039,X7,South,1412,23.93220338983051,48.91525423728814,59
D115,i5,East,1043,17.677966101694917,24.050847457627118,59
D011,4 Series,East,1380,23.389830508474578,43.74576271186441,59
D056,i5,North,1359,23.033898305084747,57.66101694915254,59
D070,3 Series,East,1484,25.152542372881356,60.52542372881356,59
D005,iX1,East,1537,26.050847457627118,38.898305084745765,59
D026,X5,West,2470,41.86440677966102,108.35593220338983,59
D097,3 Series,South,2064,34.983050847457626,103.42372881355932,59
D102,X3,North,1889,32.016949152542374,74.05084745762711,59
D111,iX,South,1364,23.11864406779661,41.57627118644068,59
D129,i5,East,1516,25.694915254237287,48.47457627118644,59
D169,X3,South,2426,41.11864406779661,128.20338983050848,59
D184,2 Series,West,1958,33.186440677966104,61.47457627118644,59
D185,X5,East,2086,35.355932203389834,58.86440677966102,59
D218,X1,North,2202,37.32203389830509,89.7457627118644,59
D141,X5,Central,2095,35.50847457627118,75.13559322033899,59
D233,2 Series,North,1622,27.491525423728813,51.08474576271186,59
D143,4 Series,South,1551,26.28813559322034,49.42372881355932,59
D188,i7,South,679,11.508474576271187,18.949152542372882,59
D243,iX1,North,1341,22.728813559322035,43.25423728813559,59
D249,X3,West,3057,51.813559322033896,108.37288135593221,59
D067,X1,Central,2357,39.94915254237288,69.37288135593221,59
D068,2 Series,South,1301,22.050847457627118,31.677966101694917,59
D090,5 Series,Central,1736,29.423728813559322,61.57627118644068,59
D106,X7,West,1007,17.06779661016949,31.915254237288135,59
D022,X1,South,2776,47.05084745762712,121.96610169491525,59
D062,i5,West,2110,35.76271186440678,68.23728813559322,59
D014,X5,West,2310,39.152542372881356,96.52542372881356,59
D050,7 Series,West,1338,22.677966101694917,61.20338983050848,59
D062,2 Series,West,1484,25.152542372881356,49.42372881355932,59
D171,iX1,North,1954,33.11864406779661,52.71186440677966,59
D206,X3,South,2564,43.45762711864407,105.77966101694915,59
D223,iX3,West,2382,40.3728813559322,121.13559322033899,59
D202,X5,Central,2692,45.6271186440678,110.72881355932203,59
D153,iX3,Central,1835,31.10169491525424,74.16949152542372,59
D195,4 Series,Central,1314,22.271186440677965,44.50847457627118,59
D183,i4,East,1225,20.76271186440678,71.45762711864407,59
D231,7 Series,East,893,15.135593220338983,46.25423728813559,59
D222,X1,East,2090,35.42372881355932,84.84745762711864,59
D112,4 Series,West,1499,25.406779661016948,62.69491525423729,59
D087,iX1,North,1435,24.322033898305083,51.45762711864407,59
D055,3 Series,East,1524,25.83050847457627,53.88135593220339,59
D188,2 Series,South,961,16.28813559322034,26.983050847457626,59
D122,iX3,West,1617,27.406779661016948,63.271186440677965,59
D219,X5,East,1221,20.694915254237287,56.983050847457626,59
D186,i7,East,554,9.389830508474576,11.016949152542374,59
D239,X5,South,1858,31.491525423728813,96.33898305084746,59
D244,i5,West,2433,41.23728813559322,115.86440677966101,59
D019,X3,Central,1767,29.949152542372882,88.30508474576271,59
D046,X7,Central,868,14.711864406779661,31.52542372881356,59
D054,iX1,East,1398,23.694915254237287,60.67796610169491,59
D006,X5,Central,2111,35.779661016949156,93.47457627118644,59
D070,i5,East,1622,27.491525423728813,76.83050847457628,59
D018,3 Series,North,1441,24.423728813559322,49.83050847457627,59
D059,X3,West,2990,50.67796610169491,119.61016949152543,59
D095,X1,Central,1978,33.52542372881356,84.15254237288136,59
D120,2 Series,North,969,16.423728813559322,19.88135593220339,59
D120,X7,North,988,16.74576271186441,27.576271186440678,59
D157,3 Series,North,2203,37.33898305084746,71.0,59
D162,iX3,West,2276,38.57627118644068,69.13559322033899,59
D163,5 Series,East,1495,25.338983050847457,36.11864406779661,59
D146,iX3,Central,1655,28.050847457627118,54.54237288135593,59
D148,2 Series,South,1364,23.11864406779661,30.610169491525422,59
D215,X1,West,2334,39.559322033898304,60.96610169491525,59
D146,X5,Central,1548,26.23728813559322,34.86440677966102,59
D189,i5,South,1259,21.338983050847457,40.96610169491525,59
D176,2 Series,East,899,15.23728813559322,23.559322033898304,59
D200,2 Series,Central,1166,19.76271186440678,31.271186440677965,59
D193,X1,West,2263,38.355932203389834,55.33898305084746,59
D196,7 Series,North,1089,18.45762711864407,38.54237288135593,59
D120,X1,North,1398,23.694915254237287,60.644067796610166,59
D022,3 Series,South,1551,26.28813559322034,56.83050847457627,59
D039,i7,South,848,14.372881355932204,24.76271186440678,59
D021,i7,East,554,9.389830508474576,14.35593220338983,59
D038,iX3,Central,1166,19.76271186440678,43.47457627118644,59
D058,3 Series,North,1804,30.576271186440678,78.03389830508475,59
D091,i5,East,1498,25.389830508474578,85.52542372881356,59
D030,2 Series,East,726,12.305084745762711,25.47457627118644,59
D045,iX3,North,1678,28.440677966101696,77.33898305084746,59
D092,i4,Central,1910,32.3728813559322,100.0,59
D126,4 Series,East,1725,29.23728813559322,50.32203389830509,59
D144,5 Series,East,1974,33.45762711864407,70.66101694915254,59
D173,4 Series,West,2024,34.30508474576271,78.2542372881356,59
D125,i4,Central,1817,30.796610169491526,51.0,59
D150,X1,North,1383,23.440677966101696,52.91525423728814,59
D161,iX,Central,988,16.74576271186441,39.57627118644068,59
D176,4 Series,East,841,14.254237288135593,29.135593220338983,59
D226,3 Series,South,2416,40.94915254237288,76.10169491525424,59
D130,3 Series,West,1901,32.220338983050844,87.62711864406779,59
D194,i4,South,1900,32.20338983050848,66.67796610169492,59
D082,iX1,East,2163,36.66101694915254,78.15254237288136,59
D100,iX,North,1061,17.983050847457626,31.11864406779661,59
D053,3 Series,South,2057,34.86440677966102,69.84745762711864,59
D080,iX3,West,2657,45.03389830508475,119.23728813559322,59
D077,i5,South,1812,30.71186440677966,89.91525423728814,59
D081,3 Series,Central,1948,33.016949152542374,83.27118644067797,59
D096,iX1,South,2806,47.559322033898304,107.9322033898305,59
D027,iX3,East,1757,29.779661016949152,71.2542372881356,59
D141,3 Series,Central,1544,26.16949152542373,41.52542372881356,59
D138,2 Series,North,954,16.16949152542373,38.3728813559322,59
D188,X7,South,1138,19.28813559322034,41.50847457627118,59
D163,4 Series,East,1082,18.338983050847457,49.59322033898305,59
D184,4 Series,West,2237,37.91525423728814,93.55932203389831,59
D233,X7,North,1710,28.983050847457626,51.152542372881356,59
D159,2 Series,East,822,13.932203389830509,30.64406779661017,59
D227,iX3,Central,1605,27.203389830508474,60.71186440677966,59
D230,X3,North,2514,42.610169491525426,98.98305084745763,59
D134,i4,East,1397,23.677966101694917,60.220338983050844,59
D158,i4,East,1704,28.88135593220339,69.7457627118644,59
D031,X7,East,1089,18.45762711864407,29.949152542372882,59
D067,X5,Central,2001,33.91525423728814,56.47457627118644,59
D045,7 Series,North,839,14.220338983050848,24.06779661016949,59
D081,X3,Central,2731,46.28813559322034,143.91525423728814,59
D105,5 Series,West,2337,39.610169491525426,72.61016949152543,59
D010,X5,North,2534,42.94915254237288,101.79661016949153,59
D016,i7,West,961,16.28813559322034,23.71186440677966,59
D002,4 Series,West,1434,24.305084745762713,47.3728813559322,59
D100,iX3,North,1818,30.8135593220339,76.08474576271186,59
D116,iX1,East,1720,29.152542372881356,47.08474576271186,59
D105,i7,West,873,14.796610169491526,22.033898305084747,59
D227,i5,Central,1678,28.440677966101696,54.08474576271186,59
D185,iX1,East,1330,22.54237288135593,43.559322033898304,59
D216,iX3,South,2313,39.20338983050848,72.42372881355932,59
D201,4 Series,South,2280,38.644067796610166,79.71186440677967,59
D167,i7,South,582,9.864406779661017,11.525423728813559,59
D248,2 Series,East,1204,20.406779661016948,48.983050847457626,59
D247,4 Series,West,1274,21.593220338983052,51.728813559322035,59
D107,X3,West,4500,76.27118644067797,183.6271186440678,59
D116,3 Series,East,1590,26.949152542372882,49.0,59
D015,i4,West,1755,29.74576271186441,50.101694915254235,59
D075,i4,West,1688,28.610169491525422,80.62711864406779,59
D023,i5,North,1603,27.16949152542373,73.0677966101695,59
D102,i4,North,906,15.35593220338983,27.508474576271187,59
D092,i5,Central,1953,33.101694915254235,49.067796610169495,59
D149,7 Series,Central,496,8.40677966101695,9.830508474576272,59
D169,i5,South,1160,19.661016949152543,45.40677966101695,59
D135,iX,West,1387,23.508474576271187,61.59322033898305,59
D196,X1,North,2711,45.94915254237288,131.6949152542373,59
D122,iX1,West,2064,34.983050847457626,67.91525423728814,59
D143,X1,South,3214,54.47457627118644,97.30508474576271,59
D214,2 Series,East,1432,24.271186440677965,63.45762711864407,59
D240,5 Series,West,1952,33.08474576271186,59.6271186440678,59
D244,5 Series,West,2342,39.69491525423729,93.33898305084746,59
D109,iX1,East,1745,29.576271186440678,62.69491525423729,59
D084,7 Series,Central,590,10.0,14.576271186440678,59
D109,X1,East,1955,33.13559322033898,53.69491525423729,59
D026,iX1,West,2960,50.16949152542373,146.91525423728814,59
D109,i4,East,1259,21.338983050847457,44.16949152542373,59
D116,5 Series,East,1918,32.50847457627118,66.03389830508475,59
D013,iX3,West,2841,48.152542372881356,129.47457627118644,59
D040,5 Series,West,2216,37.559322033898304,81.98305084745763,59
D016,7 Series,West,990,16.779661016949152,33.28813559322034,59
D069,2 Series,North,1433,24.28813559322034,64.47457627118644,59
D063,i7,South,706,11.966101694915254,23.677966101694917,59
D147,iX3,North,1682,28.508474576271187,53.79661016949152,59
D167,X7,South,1471,24.93220338983051,81.44067796610169,59
D172,iX3,North,2392,40.54237288135593,110.38983050847457,59
D201,i7,South,808,13.694915254237289,21.71186440677966,59
D213,X7,West,1623,27.508474576271187,70.22033898305085,59
D236,3 Series,West,1699,28.796610169491526,35.067796610169495,59
D159,i4,East,1443,24.45762711864407,45.66101694915254,59
D207,7 Series,West,1193,20.220338983050848,31.89830508474576,59
D233,iX1,North,2438,41.32203389830509,100.49152542372882,59
D130,X5,West,2166,36.71186440677966,89.89830508474576,59
D157,iX,North,1751,29.677966101694917,96.72881355932203,59
D162,i7,West,967,16.389830508474578,34.83050847457627,59
D165,3 Series,East,1428,24.203389830508474,33.932203389830505,59
D212,iX3,West,1875,31.779661016949152,64.45762711864407,59
D222,iX,East,1273,21.576271186440678,26.89830508474576,59
D193,i5,West,1727,29.271186440677965,78.8135593220339,59
D238,iX3,East,1290,21.864406779661017,32.32203389830509,59
D250,iX,North,1176,19.93220338983051,30.152542372881356,59
D084,iX1,Central,1384,23.45762711864407,32.11864406779661,59
D012,7 Series,Central,739,12.525423728813559,26.305084745762713,59
D025,X1,West,2096,35.52542372881356,55.23728813559322,59
D095,iX3,Central,1558,26.406779661016948,45.559322033898304,59
D001,X1,North,2340,39.66101694915254,85.20338983050847,59
D096,iX,South,1571,26.627118644067796,75.23728813559322,59
D094,iX,South,1261,21.372881355932204,56.25423728813559,59
D156,iX1,West,1724,29.220338983050848,37.91525423728814,59
D223,5 Series,West,2134,36.16949152542373,47.67796610169491,59
D131,i4,East,1440,24.406779661016948,46.94915254237288,59
D173,5 Series,West,2517,42.66101694915254,90.72881355932203,59
D230,i5,North,1897,32.152542372881356,77.54237288135593,59
D097,X5,South,2214,37.52542372881356,111.11864406779661,59
D047,X3,East,3077,52.152542372881356,119.35593220338983,59
D212,X3,West,2836,48.067796610169495,113.9322033898305,59
D137,iX3,West,2323,39.3728813559322,63.32203389830509,59
D150,iX1,North,1469,24.89830508474576,60.69491525423729,59
D176,i5,East,1327,22.491525423728813,32.54237288135593,59
D220,7 Series,Central,665,11.271186440677965,12.372881355932204,59
D145,X1,Central,1899,32.186440677966104,78.59322033898304,59
D146,3 Series,Central,1506,25.52542372881356,50.440677966101696,59
D232,iX1,Central,1285,21.779661016949152,42.86440677966102,59
D241,X7,North,1207,20.45762711864407,31.152542372881356,59
D027,X7,East,1254,21.25423728813559,41.152542372881356,59
D092,X3,Central,2729,46.25423728813559,82.16949152542372,59
D077,i4,South,1634,27.694915254237287,55.13559322033898,59
D110,iX,West,1515,25.677966101694917,43.79661016949152,59
D017,i7,East,715,12.11864406779661,14.135593220338983,59
D054,X3,East,1354,22.949152542372882,57.355932203389834,59
D061,X3,Central,2651,44.932203389830505,152.45762711864407,59
D040,i5,West,1894,32.101694915254235,78.61016949152543,59
D091,i7,East,526,8.915254237288135,12.271186440677965,59
D114,7 Series,East,579,9.813559322033898,14.067796610169491,59
D035,X7,Central,1136,19.25423728813559,24.64406779661017,59
D196,iX,North,1739,29.47457627118644,57.271186440677965,59
D190,i4,South,1422,24.10169491525424,39.983050847457626,59
D233,4 Series,North,1785,30.25423728813559,44.152542372881356,59
D162,i5,West,2188,37.08474576271186,57.813559322033896,59
D231,X5,East,1673,28.35593220338983,63.42372881355932,59
D234,iX,West,1891,32.05084745762712,89.40677966101696,59
D025,i5,West,1824,30.915254237288135,56.271186440677965,59
D074,i5,North,2130,36.101694915254235,55.69491525423729,59
D036,7 Series,North,900,15.254237288135593,25.10169491525424,59
D055,2 Series,East,963,16.322033898305083,46.83050847457627,59
D080,2 Series,West,2248,38.101694915254235,95.98305084745763,59
D018,iX3,North,1441,24.423728813559322,41.25423728813559,59
D104,i5,North,1545,26.1864406779661,57.3728813559322,59
D109,X7,East,947,16.050847457627118,29.406779661016948,59
D184,X1,West,2882,48.847457627118644,76.50847457627118,59
D224,3 Series,South,1244,21.084745762711865,46.610169491525426,59
D125,X3,Central,3384,57.355932203389834,178.0,59
D212,i4,West,2034,34.47457627118644,64.62711864406779,59
D146,i7,Central,467,7.915254237288136,9.525423728813559,59
D169,2 Series,South,875,14.830508474576272,22.0,59
D218,i4,North,1243,21.06779661016949,39.88135593220339,59
D246,X7,North,1144,19.389830508474578,35.86440677966102,59
D245,X1,West,2722,46.13559322033898,115.05084745762711,59
D026,iX,West,2063,34.96610169491525,75.30508474576271,59
D101,X1,Central,2953,50.05084745762712,89.88135593220339,59
D133,iX1,North,2503,42.42372881355932,112.77966101694915,59
D152,2 Series,South,1441,24.423728813559322,46.6271186440678,59
D211,7 Series,South,919,15.576271186440678,27.016949152542374,59
D216,X5,South,2605,44.152542372881356,112.7457627118644,59
D213,4 Series,West,1993,33.779661016949156,71.79661016949153,59
D174,i4,West,2312,39.186440677966104,92.16949152542372,59
D248,iX3,East,1737,29.440677966101696,58.355932203389834,59
D004,4 Series,East,1099,18.627118644067796,23.76271186440678,59
D101,X5,Central,2534,42.94915254237288,125.79661016949153,59
D118,X1,North,1666,28.23728813559322,58.23728813559322,59
D038,X5,Central,1405,23.8135593220339,36.08474576271186,59
D013,4 Series,West,1705,28.89830508474576,58.94915254237288,59
D043,iX,West,1419,24.050847457627118,42.983050847457626,59
D041,iX1,North,1942,32.91525423728814,101.37288135593221,59
D054,i7,East,354,6.0,10.23728813559322,59
D062,i4,West,2117,35.88135593220339,72.05084745762711,59
D070,iX3,East,1951,33.067796610169495,103.50847457627118,59
D011,iX,East,1064,18.033898305084747,35.28813559322034,59
D110,4 Series,West,1882,31.89830508474576,73.2542372881356,59
D102,X1,North,1425,24.152542372881356,47.3728813559322,59
D111,2 Series,South,1045,17.71186440677966,29.779661016949152,59
D143,i5,South,1933,32.76271186440678,78.11864406779661,59
D159,X1,East,1788,30.305084745762713,76.01694915254237,59
D209,X3,South,3688,62.50847457627118,158.0677966101695,59
D228,iX,East,803,13.610169491525424,22.661016949152543,59
D164,X5,East,2237,37.91525423728814,110.05084745762711,59
D150,4 Series,North,831,14.084745762711865,22.084745762711865,59
D199,5 Series,South,1799,30.491525423728813,50.67796610169491,59
D245,iX,West,1924,32.610169491525426,78.28813559322033,59
D241,2 Series,North,1094,18.54237288135593,30.23728813559322,59
D249,X7,West,1724,29.220338983050848,51.59322033898305,59
D030,X7,East,653,11.067796610169491,18.88135593220339,59
D111,X7,South,977,16.559322033898304,37.728813559322035,59
D023,X1,North,2333,39.54237288135593,74.89830508474576,59
D105,3 Series,West,2056,34.847457627118644,105.28813559322033,59
D003,7 Series,West,1190,20.16949152542373,36.76271186440678,59
D045,X1,North,1953,33.101694915254235,70.84745762711864,59
D032,X1,South,3415,57.88135593220339,173.0677966101695,59
D077,X1,South,3204,54.30508474576271,124.38983050847457,59
D098,4 Series,West,1092,18.508474576271187,39.67796610169491,59
D113,iX1,East,1784,30.23728813559322,58.983050847457626,59
D133,X3,North,3511,59.50847457627118,121.57627118644068,59
D209,5 Series,South,2438,41.32203389830509,77.88135593220339,59
D133,iX,North,1426,24.16949152542373,49.94915254237288,59
D136,X3,South,2768,46.91525423728814,155.79661016949152,59
D205,X1,East,2106,35.69491525423729,93.28813559322033,59
D178,7 Series,North,700,11.864406779661017,24.88135593220339,59
D192,iX3,West,1854,31.423728813559322,66.55932203389831,59
D153,iX1,Central,1634,27.694915254237287,50.11864406779661,59
D219,i7,East,513,8.694915254237289,13.677966101694915,59
D141,X7,Central,1112,18.847457627118644,36.25423728813559,59
D145,X3,Central,2271,38.49152542372882,110.16949152542372,59
D162,X5,West,3009,51.0,147.11864406779662,59
D239,X3,South,2005,33.983050847457626,83.20338983050847,59
D250,4 Series,North,1594,27.016949152542374,62.42372881355932,59
D244,3 Series,West,2603,44.11864406779661,87.37288135593221,59
D247,X5,West,2255,38.220338983050844,81.10169491525424,59
D072,7 Series,North,793,13.440677966101696,17.423728813559322,59
D102,iX,North,1214,20.576271186440678,33.610169491525426,59
D020,5 Series,East,1609,27.271186440677965,67.35593220338983,59
D037,3 Series,Central,1975,33.47457627118644,51.91525423728814,59
D056,7 Series,North,612,10.372881355932204,16.8135593220339,59
D004,5 Series,East,1646,27.89830508474576,50.50847457627118,59
D125,iX,Central,1760,29.83050847457627,65.88135593220339,59
D146,7 Series,Central,754,12.779661016949152,25.47457627118644,59
D151,iX3,Central,1821,30.864406779661017,75.40677966101696,59
D185,i7,East,522,8.847457627118644,13.610169491525424,59
D186,2 Series,East,987,16.728813559322035,41.355932203389834,59
D154,iX3,South,2204,37.355932203389834,69.22033898305085,59
D192,2 Series,West,1040,17.627118644067796,41.66101694915254,59
D129,X5,East,1883,31.915254237288135,93.86440677966101,59
D144,4 Series,East,1262,21.389830508474578,48.59322033898305,59
D223,i5,West,2390,40.50847457627118,92.32203389830508,59
D164,iX1,East,2158,36.57627118644068,64.33898305084746,59
D237,i7,West,535,9.067796610169491,11.084745762711865,59
D246,i5,North,1511,25.610169491525422,53.91525423728814,59
D240,i5,West,1466,24.847457627118644,41.559322033898304,59
D077,i7,South,982,16.64406779661017,25.88135593220339,59
D045,iX,North,1079,18.28813559322034,31.45762711864407,59
D059,5 Series,West,1724,29.220338983050848,98.67796610169492,59
D065,X3,East,2415,40.932203389830505,93.0,59
D034,7 Series,East,561,9.508474576271187,25.864406779661017,59
D050,i4,West,1745,29.576271186440678,49.271186440677965,59
D103,5 Series,Central,1183,20.050847457627118,31.661016949152543,59
D063,iX3,South,2070,35.08474576271186,85.66101694915254,59
D081,i5,Central,1529,25.915254237288135,82.22033898305085,59
D080,i5,West,2521,42.728813559322035,80.89830508474576,59
D129,5 Series,East,1605,27.203389830508474,44.28813559322034,59
D168,5 Series,North,1650,27.966101694915253,46.83050847457627,59
D239,iX3,South,1727,29.271186440677965,112.62711864406779,59
D245,iX1,West,3215,54.49152542372882,122.64406779661017,59
D018,i5,North,1395,23.64406779661017,34.45762711864407,59
D026,3 Series,West,2003,33.94915254237288,56.101694915254235,59
D076,i7,East,709,12.016949152542374,18.677966101694917,59
D064,2 Series,Central,1013,17.16949152542373,43.11864406779661,59
D066,i4,South,2120,35.932203389830505,98.52542372881356,59
D086,X1,West,2605,44.152542372881356,97.37288135593221,59
D055,7 Series,East,559,9.474576271186441,13.694915254237289,59
D107,X1,West,2997,50.79661016949152,84.22033898305085,59
D121,iX3,East,1528,25.89830508474576,58.59322033898305,59
D182,X1,North,1587,26.89830508474576,38.05084745762712,59
D230,i4,North,1638,27.76271186440678,45.32203389830509,59
D189,X3,South,2052,34.779661016949156,58.813559322033896,59
D223,iX1,West,2616,44.33898305084746,108.20338983050847,59
D126,2 Series,East,1540,26.10169491525424,57.23728813559322,59
D192,iX,West,1104,18.71186440677966,36.644067796610166,59
D136,X1,South,2271,38.49152542372882,104.77966101694915,59
D031,X5,East,1979,33.54237288135593,66.11864406779661,59
D082,3 Series,East,1457,24.694915254237287,53.271186440677965,59
D100,iX1,North,1595,27.033898305084747,60.644067796610166,59
D028,X7,Central,1175,19.915254237288135,52.88135593220339,59
D039,X5,South,2988,50.644067796610166,81.89830508474576,59
D078,iX3,South,1856,31.45762711864407,89.64406779661017,59
D040,3 Series,West,1824,30.915254237288135,70.03389830508475,59
D100,3 Series,North,1348,22.847457627118644,49.05084745762712,59
D120,X5,North,1647,27.915254237288135,73.55932203389831,59
D124,3 Series,East,1836,31.11864406779661,68.96610169491525,59
D120,iX,North,1122,19.016949152542374,43.271186440677965,59
D132,X3,East,1955,33.13559322033898,65.38983050847457,59
D196,X5,North,1913,32.42372881355932,62.91525423728814,59
D209,4 Series,South,1501,25.440677966101696,63.813559322033896,59
D221,4 Series,North,1542,26.135593220338983,91.59322033898304,59
D121,i7,East,751,12.728813559322035,24.033898305084747,59
D166,i5,Central,1404,23.796610169491526,53.20338983050848,59
D181,i4,Central,1468,24.88135593220339,47.16949152542373,59
D149,iX,Central,994,16.847457627118644,26.050847457627118,59
D165,X3,East,1936,32.813559322033896,80.38983050847457,59
D201,X7,South,1882,31.89830508474576,60.40677966101695,59
D216,4 Series,South,1588,26.915254237288135,71.49152542372882,59
D160,X5,West,3455,58.559322033898304,147.33898305084745,59
D038,3 Series,Central,1021,17.305084745762713,34.186440677966104,59
D065,2 Series,East,1153,19.54237288135593,30.89830508474576,59
D040,2 Series,West,1650,27.966101694915253,70.22033898305085,59
D047,3 Series,East,1486,25.1864406779661,45.52542372881356,59
D067,i5,Central,1806,30.610169491525422,49.186440677966104,59
D112,iX3,West,1583,26.83050847457627,64.08474576271186,59
D047,X7,East,1349,22.864406779661017,31.305084745762713,59
D101,i4,Central,1495,25.338983050847457,37.20338983050848,59
D077,7 Series,South,836,14.169491525423728,23.06779661016949,59
D057,5 Series,East,2115,35.847457627118644,63.13559322033898,59
D119,i5,South,1646,27.89830508474576,39.71186440677966,59
D121,i5,East,1772,30.033898305084747,63.32203389830509,59
D225,X1,West,2350,39.83050847457627,112.28813559322033,59
D179,3 Series,Central,1351,22.89830508474576,45.66101694915254,59
D192,i5,West,1513,25.64406779661017,41.49152542372882,59
D160,X3,West,4099,69.47457627118644,111.33898305084746,59
D221,i4,North,1461,24.76271186440678,43.33898305084746,59
D170,i7,North,613,10.389830508474576,16.050847457627118,59
D180,2 Series,East,1332,22.576271186440678,59.28813559322034,59
D248,3 Series,East,1385,23.47457627118644,37.45762711864407,59
D025,3 Series,West,1816,30.779661016949152,59.779661016949156,59
D049,X1,West,2873,48.69491525423729,165.10169491525423,59
D059,X7,West,1143,19.372881355932204,43.33898305084746,59
D066,X1,South,3236,54.847457627118644,98.71186440677967,59
D103,X3,Central,2068,35.05084745762712,100.16949152542372,59
D081,5 Series,Central,2411,40.86440677966102,78.52542372881356,59
D014,iX,West,1369,23.203389830508474,45.932203389830505,59
D027,7 Series,East,866,14.677966101694915,26.847457627118644,59
D018,4 Series,North,1106,18.74576271186441,38.983050847457626,59
D077,iX3,South,1830,31.016949152542374,77.96610169491525,59
D002,iX3,West,1820,30.847457627118644,69.69491525423729,59
D055,i5,East,1286,21.796610169491526,69.22033898305085,59
D091,3 Series,East,1659,28.11864406779661,70.64406779661017,59
D044,X3,South,2634,44.644067796610166,154.08474576271186,59
D057,i7,East,578,9.796610169491526,15.169491525423728,59
D075,X3,West,3150,53.389830508474574,149.9322033898305,59
D071,X5,West,3438,58.271186440677965,131.25423728813558,59
D132,3 Series,East,1181,20.016949152542374,31.11864406779661,59
D195,i4,Central,1700,28.8135593220339,48.067796610169495,59
D229,i7,East,682,11.559322033898304,25.559322033898304,59
D158,X3,East,2632,44.610169491525426,103.50847457627118,59
D190,2 Series,South,1563,26.491525423728813,52.67796610169491,59
D137,X7,West,1791,30.35593220338983,84.49152542372882,59
D196,X7,North,1108,18.779661016949152,25.88135593220339,59
D211,5 Series,South,2488,42.16949152542373,93.72881355932203,59
D068,iX,South,1741,29.508474576271187,62.016949152542374,59
D107,iX1,West,2629,44.559322033898304,123.11864406779661,59
D118,2 Series,North,1117,18.93220338983051,51.96610169491525,59
D020,i4,East,1379,23.372881355932204,36.50847457627118,59
D028,i7,Central,584,9.898305084745763,14.932203389830509,59
D073,i5,East,1608,27.25423728813559,66.11864406779661,59
D016,iX3,West,2373,40.220338983050844,109.0,59
D075,X1,West,2373,40.220338983050844,76.03389830508475,59
D080,7 Series,West,1495,25.338983050847457,68.69491525423729,59
D004,i4,East,1130,19.152542372881356,50.88135593220339,59
D043,3 Series,West,1674,28.372881355932204,78.7457627118644,59
D049,7 Series,West,793,13.440677966101696,28.305084745762713,59
D058,i7,North,597,10.11864406779661,13.694915254237289,59
D069,X5,North,2814,47.69491525423729,134.08474576271186,59
D130,iX3,West,1959,33.20338983050848,74.42372881355932,59
D141,i7,Central,573,9.711864406779661,14.152542372881356,59
D195,iX1,Central,1959,33.20338983050848,91.40677966101696,59
D223,X3,West,3469,58.79661016949152,224.10169491525423,59
D149,X5,Central,1327,22.491525423728813,60.610169491525426,59
D185,iX3,East,1286,21.796610169491526,59.91525423728814,59
D188,4 Series,South,1007,17.06779661016949,20.627118644067796,59
D028,3 Series,Central,1747,29.610169491525422,48.25423728813559,59
D087,iX,North,1181,20.016949152542374,48.813559322033896,59
D003,X5,West,2039,34.559322033898304,76.57627118644068,59
D014,i5,West,1803,30.559322033898304,49.813559322033896,59
D038,X1,Central,1486,25.1864406779661,58.20338983050848,59
D090,4 Series,Central,1004,17.016949152542374,28.74576271186441,59
D098,5 Series,West,1743,29.54237288135593,82.05084745762711,59
D049,X7,West,1177,19.949152542372882,26.610169491525422,59
D066,3 Series,South,2019,34.220338983050844,70.03389830508475,59
D034,i5,East,1282,21.728813559322035,32.66101694915254,59
D092,4 Series,Central,1614,27.35593220338983,40.40677966101695,59
D099,iX3,West,1401,23.74576271186441,54.23728813559322,59
D032,3 Series,South,1756,29.76271186440678,72.66101694915254,59
D004,2 Series,East,991,16.796610169491526,29.677966101694917,59
D067,i4,Central,1529,25.915254237288135,73.89830508474576,59
D215,3 Series,West,1944,32.94915254237288,84.28813559322033,59
D228,i4,East,1282,21.728813559322035,63.389830508474574,59
D236,iX1,West,2530,42.88135593220339,117.62711864406779,59
D159,5 Series,East,1635,27.71186440677966,51.25423728813559,59
D192,X3,West,2318,39.28813559322034,63.13559322033898,59
D160,X7,West,1888,32.0,64.23728813559322,59
D132,iX3,East,980,16.610169491525422,21.322033898305083,59
D226,7 Series,South,1137,19.271186440677965,39.25423728813559,59
D134,3 Series,East,1313,22.25423728813559,55.88135593220339,59
D145,i5,Central,1302,22.06779661016949,43.74576271186441,59
D243,iX,North,1398,23.694915254237287,49.59322033898305,59
D012,X7,Central,1011,17.135593220338983,49.49152542372882,59
D035,4 Series,Central,1154,19.559322033898304,45.54237288135593,59
D044,iX1,South,1985,33.644067796610166,112.57627118644068,59
D086,X5,West,2455,41.610169491525426,93.32203389830508,59
D092,iX3,Central,1920,32.54237288135593,103.16949152542372,59
D001,i4,North,1554,26.338983050847457,57.932203389830505,59
D003,4 Series,West,1537,26.050847457627118,32.728813559322035,59
D019,4 Series,Central,1080,18.305084745762713,33.0,59
D105,iX1,West,2049,34.728813559322035,53.20338983050848,59
D051,7 Series,West,1080,18.305084745762713,24.661016949152543,59
D086,i5,West,2194,37.186440677966104,50.71186440677966,59
D053,X5,South,2035,34.49152542372882,116.49152542372882,59
D085,X3,West,3908,66.23728813559322,146.52542372881356,59
D096,7 Series,South,1249,21.16949152542373,42.30508474576271,59
D228,X1,East,1558,26.406779661016948,46.33898305084746,59
D129,i7,East,544,9.220338983050848,13.847457627118644,59
D193,X5,West,2600,44.067796610169495,103.55932203389831,59
D209,i4,South,1774,30.06779661016949,44.50847457627118,59
D145,X7,Central,1252,21.220338983050848,48.33898305084746,59
D123,X1,West,2661,45.101694915254235,125.27118644067797,59
D150,7 Series,North,596,10.101694915254237,14.847457627118644,59
D151,3 Series,Central,1985,33.644067796610166,66.83050847457628,59
D139,5 Series,South,3096,52.47457627118644,83.86440677966101,59
D204,iX1,West,1417,24.016949152542374,56.3728813559322,59
D226,4 Series,South,1397,23.677966101694917,72.96610169491525,59
D069,3 Series,North,2179,36.932203389830505,76.01694915254237,59
D095,5 Series,Central,2044,34.644067796610166,78.33898305084746,59
D083,i5,North,1658,28.10169491525424,55.0,59
D117,5 Series,North,1761,29.847457627118644,61.33898305084746,59
D031,iX3,East,1350,22.88135593220339,30.389830508474578,59
D014,iX3,West,1936,32.813559322033896,45.610169491525426,59
D134,X7,East,806,13.661016949152541,19.779661016949152,59
D136,4 Series,South,1471,24.93220338983051,65.54237288135593,59
D149,4 Series,Central,813,13.779661016949152,27.661016949152543,59
D200,X5,Central,1729,29.305084745762713,84.28813559322033,59
D172,X1,North,2413,40.898305084745765,51.76271186440678,59
D172,X7,North,1493,25.305084745762713,32.016949152542374,59
D216,i7,South,1001,16.966101694915253,32.28813559322034,59
D148,i7,South,633,10.728813559322035,18.610169491525422,59
D149,i7,Central,428,7.254237288135593,13.389830508474576,59
D203,7 Series,East,745,12.627118644067796,14.88135593220339,59
D140,iX3,East,1274,21.593220338983052,41.67796610169491,59
D172,X3,North,3060,51.86440677966102,115.30508474576271,59
D250,2 Series,North,1405,23.8135593220339,51.0,59
D237,i5,West,1552,26.305084745762713,42.66101694915254,59
D241,X3,North,3401,57.644067796610166,146.47457627118644,59
D049,iX3,West,1817,30.796610169491526,64.88135593220339,59
D062,X1,West,3459,58.6271186440678,140.72881355932202,59
D108,3 Series,West,2748,46.57627118644068,106.61016949152543,59
D018,i7,North,475,8.05084745762712,15.508474576271187,59
D081,i7,Central,704,11.932203389830509,15.864406779661017,59
D041,2 Series,North,1530,25.93220338983051,62.30508474576271,59
D033,5 Series,North,1785,30.25423728813559,74.72881355932203,59
D056,i4,North,1094,18.54237288135593,31.71186440677966,59
D039,iX3,South,2080,35.25423728813559,93.94915254237289,59
D155,X7,East,902,15.288135593220339,35.71186440677966,59
D155,i5,East,1242,21.050847457627118,35.728813559322035,59
D178,iX3,North,1575,26.694915254237287,44.355932203389834,59
D215,2 Series,West,1197,20.28813559322034,30.76271186440678,59
D137,X5,West,2613,44.28813559322034,82.88135593220339,59
D158,4 Series,East,1641,27.8135593220339,62.28813559322034,59
D133,i5,North,2327,39.440677966101696,103.10169491525424,59
D171,iX3,North,1972,33.42372881355932,73.08474576271186,59
D199,X7,South,978,16.576271186440678,25.033898305084747,59
D132,X1,East,1396,23.661016949152543,37.016949152542374,59
D245,i4,West,2137,36.220338983050844,72.0,59
D055,X1,East,2178,36.91525423728814,58.11864406779661,59
D097,i5,South,1631,27.64406779661017,51.20338983050848,59
D053,4 Series,South,1290,21.864406779661017,39.52542372881356,59
D033,X1,North,1953,33.101694915254235,81.50847457627118,59
D042,X7,West,2175,36.86440677966102,94.72881355932203,59
D112,X1,West,2145,36.355932203389834,57.32203389830509,59
D008,X7,West,1511,25.610169491525422,57.186440677966104,59
D132,i7,East,454,7.694915254237288,11.457627118644067,59
D134,X5,East,1459,24.728813559322035,77.69491525423729,59
D195,X7,Central,1532,25.966101694915253,89.49152542372882,59
D213,3 Series,West,2502,42.40677966101695,77.50847457627118,59
D221,5 Series,North,1832,31.050847457627118,67.8135593220339,59
D012,X5,Central,1826,30.949152542372882,50.40677966101695,59
D020,7 Series,East,590,10.0,21.016949152542374,59
D072,iX3,North,1642,27.83050847457627,78.88135593220339,59
D079,X7,East,993,16.83050847457627,27.89830508474576,59
D084,iX,Central,1217,20.627118644067796,45.40677966101695,59
D038,iX,Central,824,13.966101694915254,20.508474576271187,59
D108,5 Series,West,2427,41.13559322033898,114.44067796610169,59
D065,4 Series,East,1645,27.88135593220339,74.62711864406779,59
D080,i4,West,2313,39.20338983050848,97.45762711864407,59
D170,5 Series,North,1596,27.050847457627118,83.0677966101695,59
D170,i5,North,1284,21.76271186440678,55.88135593220339,59
D171,i4,North,1597,27.06779661016949,45.25423728813559,59
D196,5 Series,North,1774,30.06779661016949,46.11864406779661,59
D235,iX3,East,1192,20.203389830508474,39.610169491525426,59
D197,3 Series,South,2010,34.067796610169495,70.44067796610169,59
D223,2 Series,West,1575,26.694915254237287,69.69491525423729,59
D124,5 Series,East,1848,31.322033898305083,62.76271186440678,59
D237,5 Series,West,2055,34.83050847457627,88.64406779661017,59
D238,X5,East,1436,24.338983050847457,74.37288135593221,59
D012,iX,Central,1232,20.88135593220339,34.76271186440678,59
D036,X7,North,1124,19.050847457627118,41.152542372881356,59
D041,iX,North,1549,26.25423728813559,56.74576271186441,59
D025,2 Series,West,1416,24.0,54.16949152542373,59
D060,X3,West,2782,47.152542372881356,135.1864406779661,59
D074,3 Series,North,2032,34.440677966101696,88.72881355932203,59
D083,i4,North,1920,32.54237288135593,57.08474576271186,59
D074,iX1,North,2089,35.40677966101695,64.86440677966101,59
D087,7 Series,North,532,9.016949152542374,12.677966101694915,59
D196,i4,North,1577,26.728813559322035,67.66101694915254,59
D227,i4,Central,1479,25.06779661016949,51.03389830508475,59
D165,i5,East,1037,17.576271186440678,34.33898305084746,59
D175,3 Series,West,2265,38.389830508474574,53.28813559322034,59
D203,5 Series,East,1927,32.66101694915254,50.52542372881356,59
D225,i7,West,548,9.288135593220339,16.491525423728813,59
D177,i5,West,2637,44.69491525423729,118.1864406779661,59
D210,i4,West,1798,30.47457627118644,54.91525423728814,59
D232,i7,Central,571,9.677966101694915,13.559322033898304,59
D240,X3,West,2927,49.610169491525426,149.98305084745763,59
D248,i7,East,531,9.0,16.694915254237287,59
D049,iX1,West,2144,36.33898305084746,91.01694915254237,59
D093,iX,Central,1205,20.423728813559322,45.47457627118644,59
D073,X3,East,3044,51.59322033898305,119.55932203389831,59
D068,7 Series,South,986,16.71186440677966,25.71186440677966,59
D031,i7,East,610,10.338983050847459,13.94915254237288,59
D033,iX1,North,1549,26.25423728813559,55.54237288135593,59
D067,2 Series,Central,1191,20.1864406779661,29.83050847457627,59
D114,X7,East,946,16.033898305084747,32.76271186440678,59
D093,7 Series,Central,956,16.203389830508474,45.25423728813559,59
D160,7 Series,West,1281,21.71186440677966,57.66101694915254,59
D178,X5,North,2078,35.220338983050844,135.16949152542372,59
D224,i5,South,1456,24.677966101694917,66.0,59
D201,i5,South,2404,40.74576271186441,99.50847457627118,59
D216,5 Series,South,2064,34.983050847457626,114.96610169491525,59
D145,iX1,Central,1516,25.694915254237287,47.66101694915254,59
D179,X7,Central,1302,22.06779661016949,41.32203389830509,59
D229,7 Series,East,824,13.966101694915254,29.89830508474576,59
D217,5 Series,North,2058,34.88135593220339,60.220338983050844,59
D241,X1,North,2197,37.23728813559322,108.84745762711864,59
D079,2 Series,East,759,12.864406779661017,19.54237288135593,59
D091,iX3,East,1774,30.06779661016949,79.79661016949153,59
D013,X1,West,3002,50.88135593220339,117.84745762711864,59
D053,X7,South,1173,19.88135593220339,36.91525423728814,59
D073,iX,East,1233,20.89830508474576,66.7457627118644,59
D059,i7,West,615,10.423728813559322,13.423728813559322,59
D044,i4,South,1607,27.23728813559322,63.88135593220339,59
D167,5 Series,South,2232,37.83050847457627,81.0677966101695,59
D157,2 Series,North,1503,25.47457627118644,66.77966101694915,59
D133,X1,North,2132,36.13559322033898,97.88135593220339,59
D144,X7,East,1001,16.966101694915253,29.74576271186441,59
D161,X7,Central,929,15.745762711864407,27.627118644067796,59
D212,i5,West,2062,34.94915254237288,63.54237288135593,59
D022,iX3,South,2067,35.03389830508475,61.05084745762712,59
D024,X3,Central,2010,34.067796610169495,66.11864406779661,59
D054,iX3,East,900,15.254237288135593,37.6271186440678,59
D059,7 Series,West,926,15.694915254237289,31.677966101694917,59
D013,i7,West,1096,18.576271186440678,25.966101694915253,59
D055,iX,East,1204,20.406779661016948,25.610169491525422,59
D065,X5,East,1869,31.677966101694917,53.54237288135593,59
D068,i5,South,1874,31.76271186440678,70.01694915254237,59
D036,i4,North,1861,31.54237288135593,55.79661016949152,59
D036,X1,North,2806,47.559322033898304,109.50847457627118,59
D031,X3,East,2234,37.86440677966102,76.45762711864407,59
D099,X1,West,1698,28.779661016949152,96.22033898305085,59
D110,X5,West,2031,34.42372881355932,114.52542372881356,59
D130,iX1,West,2240,37.96610169491525,71.77966101694915,59
D147,i5,North,1593,27.0,36.20338983050848,59
D230,iX3,North,1940,32.88135593220339,52.33898305084746,59
D214,iX1,East,1974,33.45762711864407,58.016949152542374,59
D170,7 Series,North,631,10.694915254237289,16.338983050847457,59
D234,i7,West,931,15.779661016949152,31.305084745762713,59
D155,7 Series,East,706,11.966101694915254,14.457627118644067,59
D250,i7,North,825,13.983050847457626,20.338983050847457,59
D060,X1,West,1750,29.661016949152543,43.66101694915254,59
D075,iX3,West,1974,33.45762711864407,67.64406779661017,59
D116,iX3,East,1448,24.54237288135593,65.28813559322033,59
D076,X5,East,1624,27.52542372881356,47.88135593220339,59
D071,7 Series,West,1261,21.372881355932204,66.55932203389831,59
D091,5 Series,East,2088,35.389830508474574,77.01694915254237,59
D023,X3,North,3072,52.067796610169495,193.4915254237288,59
D118,X3,North,2686,45.52542372881356,94.1864406779661,59
D002,X1,West,2494,42.271186440677965,96.0,59
D142,i5,South,2222,37.66101694915254,88.10169491525424,59
D213,i4,West,2629,44.559322033898304,107.27118644067797,59
D198,7 Series,North,691,11.711864406779661,16.305084745762713,59
D215,i5,West,1442,24.440677966101696,56.13559322033898,59
D146,iX,Central,1382,23.423728813559322,39.45762711864407,59
D160,iX,West,1686,28.576271186440678,52.728813559322035,59
D249,iX,West,1383,23.440677966101696,52.13559322033898,59
D239,i7,South,544,9.220338983050848,11.016949152542374,59
D004,X7,East,882,14.94915254237288,45.152542372881356,59
D029,X5,East,1800,30.508474576271187,87.7457627118644,59
D047,7 Series,East,829,14.05084745762712,29.305084745762713,59
D001,i7,North,669,11.338983050847459,15.05084745762712,59
D071,3 Series,West,2960,50.16949152542373,130.03389830508473,59
D044,i7,South,608,10.305084745762711,15.915254237288135,59
D072,i7,North,720,12.203389830508474,20.915254237288135,59
D060,iX1,West,1536,26.033898305084747,49.69491525423729,59
D095,i7,Central,656,11.11864406779661,16.966101694915253,59
D183,5 Series,East,1605,27.203389830508474,62.91525423728814,59
D235,7 Series,East,433,7.338983050847458,11.525423728813559,59
D138,i5,North,1323,22.423728813559322,38.016949152542374,59
D154,i4,South,1563,26.491525423728813,49.57627118644068,59
D169,4 Series,South,945,16.016949152542374,29.74576271186441,59
D189,iX,South,1223,20.728813559322035,26.661016949152543,59
D120,X3,North,1686,28.576271186440678,78.16949152542372,59
D141,7 Series,Central,765,12.966101694915254,28.1864406779661,59
D156,3 Series,West,1896,32.13559322033898,100.8135593220339,59
D232,i4,Central,1324,22.440677966101696,36.271186440677965,59
D242,iX1,East,1182,20.033898305084747,36.96610169491525,59
D243,2 Series,North,937,15.88135593220339,28.491525423728813,59
D008,iX,West,1935,32.79661016949152,106.94915254237289,59
D063,iX1,South,1713,29.033898305084747,67.7457627118644,59
D117,3 Series,North,2244,38.03389830508475,67.44067796610169,59
D118,5 Series,North,1474,24.983050847457626,63.83050847457627,59
D014,i7,West,552,9.35593220338983,19.64406779661017,59
D065,iX,East,1308,22.16949152542373,53.6271186440678,59
D103,X7,Central,957,16.220338983050848,43.355932203389834,59
D136,7 Series,South,930,15.76271186440678,31.372881355932204,59
D144,iX3,East,1542,26.135593220338983,54.40677966101695,59
D165,i7,East,491,8.322033898305085,17.35593220338983,59
D183,X3,East,2317,39.271186440677965,79.49152542372882,59
D219,X1,East,1500,25.423728813559322,49.11864406779661,59
D213,5 Series,West,2348,39.79661016949152,84.91525423728814,59
D134,iX1,East,1297,21.983050847457626,28.864406779661017,59
D161,i7,Central,565,9.576271186440678,13.610169491525424,59
D129,iX,East,1247,21.135593220338983,53.74576271186441,59
D158,i7,East,739,12.525423728813559,21.016949152542374,59
D195,7 Series,Central,816,13.830508474576272,21.1864406779661,59
D078,i5,South,1980,33.559322033898304,73.79661016949153,59
D065,i4,East,1876,31.796610169491526,77.05084745762711,59
D104,i7,North,599,10.152542372881356,12.169491525423728,59
D001,X7,North,1181,20.016949152542374,39.88135593220339,59
D056,X7,North,1224,20.74576271186441,56.6271186440678,59
D081,i4,Central,1400,23.728813559322035,45.847457627118644,59
D059,X5,West,1839,31.16949152542373,91.08474576271186,59
D073,iX1,East,2257,38.25423728813559,114.33898305084746,59
D109,2 Series,East,1106,18.74576271186441,38.54237288135593,59
D191,X1,West,2386,40.440677966101696,93.20338983050847,59
D177,iX3,West,2646,44.847457627118644,106.54237288135593,59
D176,3 Series,East,983,16.661016949152543,31.64406779661017,59
D240,7 Series,West,896,15.186440677966102,33.88135593220339,59
D026,iX3,West,2823,47.847457627118644,105.05084745762711,59
D056,iX,North,893,15.135593220338983,21.35593220338983,59
D057,i5,East,1455,24.661016949152543,40.91525423728814,59
D050,X3,West,4057,68.76271186440678,191.4915254237288,59
D056,X3,North,1739,29.47457627118644,60.932203389830505,59
D007,i4,North,1255,21.271186440677965,46.71186440677966,59
D019,iX3,Central,1393,23.610169491525422,35.59322033898305,59
D132,iX,East,1024,17.35593220338983,40.440677966101696,59
D202,4 Series,Central,1815,30.76271186440678,61.220338983050844,59
D127,i7,North,632,10.711864406779661,13.677966101694915,59
D137,i4,West,2557,43.33898305084746,86.35593220338983,59
D192,3 Series,West,1876,31.796610169491526,75.13559322033899,59
D221,iX1,North,2276,38.57627118644068,97.1864406779661,59
D190,X3,South,3427,58.08474576271186,110.33898305084746,59
D156,X3,West,2177,36.898305084745765,87.40677966101696,59
D061,7 Series,Central,977,16.559322033898304,35.67796610169491,59
D086,iX3,West,2554,43.28813559322034,93.91525423728814,59
D118,i7,North,676,11.457627118644067,28.847457627118644,59
D075,2 Series,West,1362,23.084745762711865,57.016949152542374,59
D094,X5,South,1842,31.220338983050848,47.66101694915254,59
D116,X7,East,1294,21.93220338983051,70.57627118644068,59
D098,7 Series,West,623,10.559322033898304,25.016949152542374,59
D051,4 Series,West,1570,26.610169491525422,72.67796610169492,59
D098,X7,West,1116,18.915254237288135,35.45762711864407,59
D086,4 Series,West,1903,32.25423728813559,94.40677966101696,59
D049,X3,West,2613,44.28813559322034,111.67796610169492,59
D179,2 Series,Central,1070,18.135593220338983,41.25423728813559,59
D208,i4,Central,1345,22.796610169491526,68.88135593220339,59
D232,5 Series,Central,1512,25.627118644067796,45.42372881355932,59
D188,i5,South,1310,22.203389830508474,59.71186440677966,59
D199,3 Series,South,1523,25.8135593220339,52.76271186440678,59
D234,5 Series,West,1913,32.42372881355932,68.16949152542372,59
D143,iX3,South,2608,44.20338983050848,78.59322033898304,59
D162,X7,West,1822,30.88135593220339,70.55932203389831,59
D241,X5,North,2654,44.983050847457626,78.11864406779661,59
D095,i5,Central,1718,29.11864406779661,64.27118644067797,59
D021,X1,East,2322,39.355932203389834,91.27118644067797,59
D074,X7,North,1492,25.28813559322034,68.9322033898305,59
D042,X1,West,2787,47.23728813559322,113.62711864406779,59
D170,iX,North,1327,22.491525423728813,32.0,59
D166,X3,Central,2525,42.79661016949152,116.59322033898304,59
D205,iX1,East,1781,30.1864406779661,69.91525423728814,59
D235,X3,East,1522,25.796610169491526,44.96610169491525,59
D194,5 Series,South,1982,33.59322033898305,55.152542372881356,59
D230,5 Series,North,2448,41.49152542372882,69.86440677966101,59
D205,X3,East,2861,48.49152542372882,108.71186440677967,59
D021,i4,East,1154,19.559322033898304,45.186440677966104,59
D099,2 Series,West,1250,21.1864406779661,61.389830508474574,59
D025,iX,West,1475,25.0,47.186440677966104,59
D005,7 Series,East,819,13.88135593220339,17.06779661016949,59
D022,i7,South,722,12.23728813559322,23.220338983050848,59
D052,7 Series,North,908,15.389830508474576,24.1864406779661,59
D070,i4,East,1645,27.88135593220339,45.05084745762712,59
D101,3 Series,Central,1945,32.96610169491525,83.69491525423729,59
D068,X5,South,2766,46.88135593220339,107.44067796610169,59
D088,i5,South,1264,21.423728813559322,36.25423728813559,59
D024,i7,Central,532,9.016949152542374,10.64406779661017,59
D052,X7,North,1038,17.593220338983052,35.03389830508475,59
D048,X1,Central,2586,43.83050847457627,126.2542372881356,59
D132,7 Series,East,644,10.915254237288135,20.11864406779661,59
D185,X1,East,2436,41.28813559322034,93.11864406779661,59
D176,X5,East,1387,23.508474576271187,36.6271186440678,59
D195,iX3,Central,2210,37.45762711864407,76.35593220338983,59
D225,iX,West,1073,18.1864406779661,36.88135593220339,59
D230,7 Series,North,982,16.64406779661017,25.779661016949152,59
D221,2 Series,North,1311,22.220338983050848,42.16949152542373,59
D119,X5,South,1596,27.050847457627118,37.74576271186441,59
D250,i5,North,1807,30.627118644067796,50.47457627118644,59
D238,3 Series,East,1312,22.23728813559322,47.08474576271186,59
D239,iX,South,1140,19.322033898305083,40.932203389830505,59
D246,iX1,North,1944,32.94915254237288,50.33898305084746,59
D250,X7,North,1314,22.271186440677965,56.3728813559322,59
D027,2 Series,East,957,16.220338983050848,33.69491525423729,59
D058,X3,North,2301,39.0,75.69491525423729,59
D027,X1,East,2344,39.728813559322035,73.71186440677967,59
D064,X1,Central,1550,26.271186440677965,55.32203389830509,59
D008,iX3,West,1830,31.016949152542374,42.32203389830509,59
D058,X7,North,1108,18.779661016949152,41.42372881355932,59
D083,iX3,North,1881,31.88135593220339,46.83050847457627,59
D019,X1,Central,1725,29.23728813559322,101.94915254237289,59
D145,7 Series,Central,755,12.796610169491526,21.06779661016949,59
D228,i5,East,1283,21.74576271186441,40.94915254237288,59
D223,7 Series,West,826,14.0,27.47457627118644,59
D228,4 Series,East,923,15.64406779661017,21.966101694915253,59
D157,i7,North,711,12.05084745762712,14.440677966101696,59
D131,4 Series,East,1013,17.16949152542373,23.88135593220339,59
D178,3 Series,North,1770,30.0,91.66101694915254,59
D147,3 Series,North,1461,24.76271186440678,51.50847457627118,59
D094,2 Series,South,930,15.76271186440678,34.71186440677966,59
D008,4 Series,West,1938,32.847457627118644,46.50847457627118,59
D065,iX1,East,2235,37.88135593220339,86.72881355932203,59
D035,X5,Central,2073,35.13559322033898,62.88135593220339,59
D080,iX1,West,2858,48.440677966101696,120.88135593220339,59
D025,7 Series,West,928,15.728813559322035,28.71186440677966,59
D005,i5,East,1754,29.728813559322035,61.08474576271186,59
D168,7 Series,North,621,10.525423728813559,22.559322033898304,59
D189,5 Series,South,1725,29.23728813559322,94.15254237288136,59
D188,5 Series,South,1355,22.966101694915253,56.40677966101695,59
D148,7 Series,South,1149,19.47457627118644,33.28813559322034,59
D151,7 Series,Central,933,15.813559322033898,32.52542372881356,59
D177,7 Series,West,955,16.1864406779661,22.796610169491526,59
D178,i4,North,1582,26.8135593220339,52.52542372881356,59
D111,i4,South,1479,25.06779661016949,44.88135593220339,59
D069,X1,North,3299,55.91525423728814,200.54237288135593,59
D020,4 Series,East,964,16.338983050847457,24.152542372881356,59
D119,i4,South,1631,27.64406779661017,62.91525423728814,59
D232,iX3,Central,1377,23.338983050847457,38.11864406779661,59
D222,i4,East,1389,23.54237288135593,62.91525423728814,59
D211,X1,South,2408,40.813559322033896,67.20338983050847,59
D142,5 Series,South,1945,32.96610169491525,73.79661016949153,59
D005,X7,East,1037,17.576271186440678,22.610169491525422,59
D016,5 Series,West,2948,49.96610169491525,92.10169491525424,59
D048,7 Series,Central,817,13.847457627118644,30.0,59
D056,X5,North,1790,30.338983050847457,58.152542372881356,59
D003,i7,West,938,15.898305084745763,28.83050847457627,59
D029,X3,East,2675,45.33898305084746,125.05084745762711,59
D062,X5,West,2334,39.559322033898304,108.10169491525424,59
D069,iX,North,2010,34.067796610169495,84.28813559322033,59
D067,i7,Central,678,11.491525423728813,14.35593220338983,59
D021,X3,East,2632,44.610169491525426,141.77966101694915,59
D029,7 Series,East,1009,17.10169491525424,39.271186440677965,59
D101,iX1,Central,2133,36.152542372881356,103.11864406779661,59
D231,i5,East,1730,29.322033898305083,56.728813559322035,59
D142,iX3,South,2292,38.847457627118644,95.7457627118644,59
D203,iX,East,1456,24.677966101694917,32.728813559322035,59
D218,X7,North,971,16.45762711864407,26.033898305084747,59
D221,3 Series,North,1726,29.25423728813559,65.20338983050847,59
D087,i5,North,1078,18.271186440677965,41.355932203389834,59
D003,i4,West,1436,24.338983050847457,39.0,59
D012,2 Series,Central,1036,17.559322033898304,40.23728813559322,59
D018,i4,North,1204,20.406779661016948,47.76271186440678,59
D028,iX3,Central,1647,27.915254237288135,80.88135593220339,59
D062,X3,West,3383,57.33898305084746,108.66101694915254,59
D065,X7,East,1164,19.728813559322035,37.220338983050844,59
D001,iX3,North,2015,34.152542372881356,65.30508474576271,59
D058,i5,North,1269,21.508474576271187,40.49152542372882,59
D086,2 Series,West,1530,25.93220338983051,53.779661016949156,59
D061,3 Series,Central,2204,37.355932203389834,118.84745762711864,59
D093,X3,Central,2278,38.610169491525426,102.27118644067797,59
D098,iX1,West,1706,28.915254237288135,46.94915254237288,59
D119,iX1,South,1348,22.847457627118644,49.76271186440678,59
D146,X3,Central,2455,41.610169491525426,61.67796610169491,59
D132,X5,East,1366,23.152542372881356,39.016949152542374,59
D122,i7,West,566,9.59322033898305,16.847457627118644,59
D124,X3,East,2811,47.644067796610166,81.98305084745763,59
D217,4 Series,North,1414,23.966101694915253,37.16949152542373,59
D164,X7,East,1615,27.372881355932204,79.76271186440678,59
D001,X3,North,2072,35.11864406779661,82.77966101694915,59
D005,X5,East,1979,33.54237288135593,80.9322033898305,59
D067,X3,Central,2400,40.67796610169491,115.98305084745763,59
D011,2 Series,East,1018,17.25423728813559,23.25423728813559,59
D045,X3,North,2434,41.25423728813559,75.35593220338983,59
D098,X5,West,2134,36.16949152542373,92.22033898305085,59
D055,i7,East,564,9.559322033898304,18.52542372881356,59
D109,iX3,East,1276,21.627118644067796,35.08474576271186,59
D041,7 Series,North,950,16.10169491525424,25.084745762711865,59
D069,7 Series,North,998,16.915254237288135,40.66101694915254,59
D124,iX,East,1072,18.16949152542373,34.3728813559322,59
D189,2 Series,South,1285,21.779661016949152,31.627118644067796,59
D189,X7,South,1125,19.06779661016949,44.6271186440678,59
D135,7 Series,West,773,13.101694915254237,24.966101694915253,59
D139,7 Series,South,1041,17.64406779661017,27.88135593220339,59
D155,2 Series,East,830,14.067796610169491,20.084745762711865,59
D226,i7,South,783,13.271186440677965,30.203389830508474,59
D193,iX3,West,1904,32.271186440677965,84.76271186440678,59
D149,5 Series,Central,1109,18.796610169491526,38.23728813559322,59
D227,X7,Central,1465,24.83050847457627,64.57627118644068,59
D250,iX3,North,1746,29.593220338983052,88.08474576271186,59
D018,X3,North,1924,32.610169491525426,54.25423728813559,59
D053,iX,South,1346,22.8135593220339,51.271186440677965,59
D034,iX3,East,1357,23.0,56.86440677966102,59
D103,X1,Central,1295,21.949152542372882,43.45762711864407,59
D034,i7,East,581,9.847457627118644,14.830508474576272,59
D069,i4,North,2220,37.6271186440678,57.847457627118644,59
D072,X3,North,2939,49.813559322033896,78.52542372881356,59
D118,i4,North,1084,18.372881355932204,29.271186440677965,59
D006,7 Series,Central,800,13.559322033898304,21.593220338983052,59
D060,X5,West,1632,27.661016949152543,58.983050847457626,59
D037,iX3,Central,1433,24.28813559322034,53.47457627118644,59
D071,iX,West,1970,33.389830508474574,57.101694915254235,59
D178,iX,North,1319,22.35593220338983,45.86440677966102,59
D156,7 Series,West,709,12.016949152542374,24.389830508474578,59
D159,X5,East,1649,27.949152542372882,49.101694915254235,59
D153,X5,Central,2478,42.0,143.45762711864407,59
D125,X5,Central,2630,44.57627118644068,86.88135593220339,59
D205,iX,East,1387,23.508474576271187,49.3728813559322,59
D131,i7,East,456,7.728813559322034,8.59322033898305,59
D194,i7,South,546,9.254237288135593,16.64406779661017,59
D246,X1,North,2303,39.03389830508475,87.38983050847457,59
D005,iX3,East,1286,21.796610169491526,30.661016949152543,59
D042,X3,West,3806,64.50847457627118,118.08474576271186,59
D063,7 Series,South,879,14.898305084745763,21.23728813559322,59
D069,5 Series,North,2729,46.25423728813559,108.52542372881356,59
D076,i5,East,1363,23.10169491525424,47.88135593220339,59
D102,iX3,North,1369,23.203389830508474,53.813559322033896,59
D097,X7,South,1362,23.084745762711865,61.932203389830505,59
D079,iX1,East,1336,22.64406779661017,30.491525423728813,59
D085,2 Series,West,1426,24.16949152542373,53.42372881355932,59
D114,i7,East,493,8.35593220338983,11.508474576271187,59
D019,X5,Central,1398,23.694915254237287,55.66101694915254,59
D043,5 Series,West,1817,30.796610169491526,60.47457627118644,59
D085,4 Series,West,1757,29.779661016949152,40.0,59
D128,i4,West,2214,37.52542372881356,124.15254237288136,59
D141,iX3,Central,1292,21.89830508474576,44.52542372881356,59
D214,i4,East,1553,26.322033898305083,74.62711864406779,59
D172,i4,North,2179,36.932203389830505,89.22033898305085,59
D199,X5,South,1464,24.8135593220339,55.6271186440678,59
D194,4 Series,South,1652,28.0,67.11864406779661,59
D237,iX,West,1376,23.322033898305083,75.49152542372882,59
D001,7 Series,North,657,11.135593220338983,16.338983050847457,59
D078,2 Series,South,1650,27.966101694915253,80.89830508474576,59
D088,4 Series,South,1296,21.966101694915253,41.271186440677965,59
D100,i5,North,1649,27.949152542372882,51.59322033898305,59
D116,X5,East,2287,38.76271186440678,76.86440677966101,59
D048,4 Series,Central,1854,31.423728813559322,60.42372881355932,59
D095,X7,Central,1425,24.152542372881356,45.08474576271186,59
D113,X3,East,2421,41.03389830508475,88.37288135593221,59
D198,iX1,North,1684,28.54237288135593,72.62711864406779,59
D185,2 Series,East,1064,18.033898305084747,25.23728813559322,59
D121,2 Series,East,1325,22.45762711864407,59.88135593220339,59
D189,iX3,South,1328,22.508474576271187,58.016949152542374,59
D130,i5,West,1661,28.152542372881356,71.01694915254237,59
D172,iX1,North,2191,37.13559322033898,89.59322033898304,59
D240,X5,West,1793,30.389830508474578,60.66101694915254,59
D030,iX,East,812,13.76271186440678,25.033898305084747,59
D070,X5,East,2346,39.76271186440678,95.03389830508475,59
D093,3 Series,Central,1620,27.45762711864407,57.25423728813559,59
D110,2 Series,West,1232,20.88135593220339,36.49152542372882,59
D009,X7,South,1260,21.35593220338983,34.13559322033898,59
D074,4 Series,North,1846,31.28813559322034,72.83050847457628,59
D113,5 Series,East,1894,32.101694915254235,76.42372881355932,59
D097,i4,South,1604,27.1864406779661,67.10169491525424,59
D038,7 Series,Central,655,11.101694915254237,29.983050847457626,59
D062,iX,West,1623,27.508474576271187,40.779661016949156,59
D001,i5,North,1782,30.203389830508474,74.13559322033899,59
D150,X3,North,1542,26.135593220338983,42.16949152542373,59
D192,X1,West,1975,33.47457627118644,59.03389830508475,59
D193,X7,West,1856,31.45762711864407,64.42372881355932,59
D197,i5,South,2394,40.57627118644068,104.86440677966101,59
D165,2 Series,East,884,14.983050847457626,25.0,59
D207,i7,West,916,15.525423728813559,23.033898305084747,59
D222,4 Series,East,1181,20.016949152542374,40.610169491525426,59
D159,X3,East,2323,39.3728813559322,110.30508474576271,59
D173,2 Series,West,1941,32.898305084745765,68.0677966101695,59
D214,X7,East,970,16.440677966101696,27.23728813559322,59
D057,i4,East,1836,31.11864406779661,85.61016949152543,59
D027,X3,East,2114,35.83050847457627,57.23728813559322,59
D017,3 Series,East,1927,32.66101694915254,59.32203389830509,59
D105,i5,West,2186,37.05084745762712,81.62711864406779,59
D009,iX1,South,1373,23.271186440677965,56.03389830508475,59
D115,i7,East,543,9.203389830508474,13.576271186440678,59
D042,iX1,West,2445,41.440677966101696,53.45762711864407,59
D136,X7,South,1632,27.661016949152543,47.610169491525426,59
D163,i5,East,1730,29.322033898305083,100.50847457627118,59
D181,X1,Central,2087,35.3728813559322,92.94915254237289,59
D183,i5,East,1547,26.220338983050848,69.23728813559322,59
D129,iX1,East,1319,22.35593220338983,59.94915254237288,59
D156,2 Series,West,1416,24.0,31.796610169491526,59
D233,5 Series,North,2637,44.69491525423729,97.20338983050847,59
D235,i4,East,1158,19.627118644067796,52.03389830508475,59
D171,X1,North,2195,37.20338983050848,133.8135593220339,59
D159,i5,East,1237,20.966101694915253,60.16949152542373,59
D093,X1,Central,2146,36.3728813559322,53.32203389830509,59
D014,X3,West,2696,45.69491525423729,74.05084745762711,59
D023,iX3,North,1742,29.52542372881356,73.91525423728814,59
D089,5 Series,West,2983,50.559322033898304,142.22033898305085,59
D101,2 Series,Central,1695,28.728813559322035,57.728813559322035,59
D012,iX3,Central,1401,23.74576271186441,71.13559322033899,59
D103,2 Series,Central,952,16.135593220338983,22.796610169491526,59
D123,X3,West,3379,57.271186440677965,146.77966101694915,59
D151,X1,Central,2915,49.40677966101695,114.89830508474576,59
D163,X3,East,2184,37.016949152542374,108.0677966101695,59
D199,i4,South,1491,25.271186440677965,64.50847457627118,59
D214,X3,East,2373,40.220338983050844,125.15254237288136,59
D239,5 Series,South,1605,27.203389830508474,61.016949152542374,59
D005,iX,East,1180,20.0,34.610169491525426,59
D037,4 Series,Central,1377,23.338983050847457,31.508474576271187,59
D052,5 Series,North,1844,31.25423728813559,60.220338983050844,59
D114,3 Series,East,1602,27.152542372881356,73.10169491525424,59
D016,2 Series,West,1886,31.966101694915253,88.22033898305085,59
D034,X3,East,1825,30.93220338983051,67.52542372881356,59
D109,i7,East,499,8.457627118644067,12.779661016949152,59
D041,i7,North,716,12.135593220338983,25.016949152542374,59
D190,X7,South,1418,24.033898305084747,58.3728813559322,59
D199,iX1,South,1348,22.847457627118644,44.05084745762712,59
D200,i7,Central,529,8.966101694915254,17.23728813559322,59
D222,i7,East,502,8.508474576271187,15.05084745762712,59
D142,i7,South,769,13.033898305084746,18.694915254237287,59
D207,X5,West,2676,45.355932203389834,92.7457627118644,59
D148,i5,South,1823,30.89830508474576,83.30508474576271,59
D188,7 Series,South,615,10.423728813559322,16.389830508474578,59
D237,X1,West,2078,35.220338983050844,75.59322033898304,59
D081,X7,Central,1583,26.83050847457627,89.27118644067797,59
D045,3 Series,North,1371,23.23728813559322,50.52542372881356,59
D097,iX,South,1392,23.593220338983052,39.91525423728814,59
D107,X7,West,1532,25.966101694915253,57.33898305084746,59
D094,3 Series,South,1813,30.728813559322035,73.52542372881356,59
D020,X5,East,1662,28.16949152542373,66.94915254237289,59
D219,4 Series,East,817,13.847457627118644,16.76271186440678,59
D129,7 Series,East,698,11.830508474576272,21.0,59
D154,X7,South,1360,23.050847457627118,45.76271186440678,59
D157,i5,North,1881,31.88135593220339,48.52542372881356,59
D159,X7,East,917,15.542372881355933,24.389830508474578,59
D146,5 Series,Central,1711,29.0,105.23728813559322,59
D172,3 Series,North,2335,39.57627118644068,70.0,59
D151,i7,Central,634,10.745762711864407,17.423728813559322,59
D005,i4,East,1510,25.593220338983052,67.50847457627118,59
D038,i5,Central,1330,22.54237288135593,50.355932203389834,59
D056,X1,North,2105,35.67796610169491,87.62711864406779,59
D106,iX,West,1440,24.406779661016948,40.813559322033896,59
D113,iX,East,1644,27.864406779661017,54.42372881355932,59
D098,i5,West,1604,27.1864406779661,46.101694915254235,59
D112,i7,West,782,13.254237288135593,24.89830508474576,59
D057,4 Series,East,1568,26.576271186440678,43.88135593220339,59
D064,i5,Central,1029,17.440677966101696,29.71186440677966,59
D073,i7,East,675,11.440677966101696,17.305084745762713,59
D030,7 Series,East,586,9.932203389830509,22.389830508474578,59
D049,i5,West,2119,35.91525423728814,64.40677966101696,59
D025,5 Series,West,1835,31.10169491525424,82.76271186440678,59
D152,iX3,South,1654,28.033898305084747,54.03389830508475,59
D207,X3,West,3631,61.54237288135593,134.77966101694915,59
D143,7 Series,South,1165,19.74576271186441,36.28813559322034,59
D211,4 Series,South,1649,27.949152542372882,59.57627118644068,59
D208,4 Series,Central,1198,20.305084745762713,32.50847457627118,59
D209,3 Series,South,2371,40.186440677966104,90.20338983050847,59
D234,4 Series,West,1748,29.627118644067796,69.23728813559322,59
D240,4 Series,West,1658,28.10169491525424,56.59322033898305,59
D009,5 Series,South,1675,28.389830508474578,71.7457627118644,59
D018,X5,North,1802,30.54237288135593,58.96610169491525,59
D044,4 Series,South,1044,17.694915254237287,26.83050847457627,59
D068,4 Series,South,1705,28.89830508474576,67.47457627118644,59
D012,i4,Central,1422,24.10169491525424,59.94915254237288,59
D020,3 Series,East,1322,22.406779661016948,46.644067796610166,59
D097,i7,South,843,14.288135593220339,22.11864406779661,59
D050,i7,West,1169,19.8135593220339,45.28813559322034,59
D056,3 Series,North,1175,19.915254237288135,45.79661016949152,59
D050,i5,West,1993,33.779661016949156,73.52542372881356,59
D088,iX1,South,1903,32.25423728813559,63.76271186440678,59
D098,X3,West,2848,48.271186440677965,112.84745762711864,59
D098,i7,West,620,10.508474576271187,17.1864406779661,59
D106,i7,West,731,12.389830508474576,24.372881355932204,59
D181,2 Series,Central,1034,17.52542372881356,27.627118644067796,59
D236,i4,West,1484,25.152542372881356,49.067796610169495,59
D125,2 Series,Central,1280,21.694915254237287,46.0,59
D151,5 Series,Central,2138,36.23728813559322,87.54237288135593,59
D222,iX1,East,1841,31.203389830508474,107.38983050847457,59
D220,i7,Central,621,10.525423728813559,14.423728813559322,59
D249,X5,West,3004,50.91525423728814,123.2542372881356,59
D242,7 Series,East,463,7.8474576271186445,11.338983050847459,59
D242,iX3,East,1122,19.016949152542374,44.152542372881356,59
D110,7 Series,West,822,13.932203389830509,22.135593220338983,59
D015,X5,West,2655,45.0,70.84745762711864,59
D003,X1,West,2497,42.32203389830509,67.9322033898305,59
D057,7 Series,East,851,14.423728813559322,28.76271186440678,59
D084,X3,Central,2661,45.101694915254235,107.33898305084746,59
D093,iX1,Central,2171,36.79661016949152,92.23728813559322,59
D111,X5,South,2077,35.20338983050848,74.98305084745763,59
D052,3 Series,North,2080,35.25423728813559,81.94915254237289,59
D086,X3,West,3963,67.16949152542372,254.05084745762713,59
D014,X7,West,1348,22.847457627118644,50.05084745762712,59
D123,iX1,West,2438,41.32203389830509,97.71186440677967,59
D167,X5,South,1902,32.23728813559322,78.2542372881356,59
D177,X7,West,1437,24.35593220338983,39.47457627118644,59
D179,X3,Central,2613,44.28813559322034,76.62711864406779,59
D218,7 Series,North,666,11.288135593220339,16.728813559322035,59
D244,iX1,West,2723,46.152542372881356,109.77966101694915,59
D003,5 Series,West,2568,43.52542372881356,61.389830508474574,59
D025,iX1,West,2198,37.25423728813559,113.37288135593221,59
D038,iX1,Central,1562,26.47457627118644,68.69491525423729,59
D055,iX1,East,1419,24.050847457627118,79.08474576271186,59
D063,2 Series,South,1226,20.779661016949152,31.728813559322035,59
D067,X7,Central,1155,19.576271186440678,36.71186440677966,59
D060,i4,West,1640,27.796610169491526,57.40677966101695,59
D027,i4,East,1502,25.45762711864407,47.847457627118644,59
D178,iX1,North,1813,30.728813559322035,75.7457627118644,59
D180,i5,East,1528,25.89830508474576,36.66101694915254,59
D197,X3,South,4214,71.42372881355932,203.94915254237287,59
D211,i5,South,1747,29.610169491525422,53.355932203389834,59
D183,iX3,East,1294,21.93220338983051,68.03389830508475,59
D176,iX3,East,1017,17.23728813559322,33.45762711864407,59
D196,i7,North,763,12.932203389830509,30.8135593220339,59
D202,iX3,Central,1679,28.45762711864407,73.38983050847457,59
D193,i4,West,2001,33.91525423728814,66.98305084745763,59
D246,X5,North,1928,32.67796610169491,70.98305084745763,59
D019,7 Series,Central,513,8.694915254237289,11.59322033898305,59
D074,2 Series,North,1321,22.389830508474578,56.16949152542373,59
D086,i7,West,789,13.372881355932204,21.271186440677965,59
D090,3 Series,Central,1432,24.271186440677965,39.559322033898304,59
D101,X7,Central,1273,21.576271186440678,36.389830508474574,59
D007,3 Series,North,1204,20.406779661016948,74.72881355932203,59
D007,i7,North,481,8.152542372881356,10.033898305084746,59
D009,X1,South,1761,29.847457627118644,81.67796610169492,59
D080,iX,West,2361,40.016949152542374,77.01694915254237,59
D014,iX1,West,1492,25.28813559322034,54.152542372881356,59
D035,iX3,Central,1531,25.949152542372882,73.05084745762711,59
D050,4 Series,West,2285,38.728813559322035,74.1864406779661,59
D071,i7,West,915,15.508474576271187,24.1864406779661,59
D061,X1,Central,2172,36.813559322033896,86.13559322033899,59
D140,2 Series,East,1050,17.796610169491526,32.220338983050844,59
D142,i4,South,1621,27.47457627118644,48.88135593220339,59
D216,3 Series,South,2342,39.69491525423729,47.23728813559322,59
D219,i4,East,1263,21.406779661016948,31.016949152542374,59
D130,X3,West,2521,42.728813559322035,119.42372881355932,59
D153,3 Series,Central,1856,31.45762711864407,69.08474576271186,59
D197,iX,South,1712,29.016949152542374,79.86440677966101,59
D208,i7,Central,567,9.610169491525424,17.576271186440678,59
D129,3 Series,East,1468,24.88135593220339,51.11864406779661,59
D154,4 Series,South,1692,28.677966101694917,39.59322033898305,59
D061,4 Series,Central,1327,22.491525423728813,62.67796610169491,59
D112,3 Series,West,1655,28.050847457627118,75.57627118644068,59
D060,i5,West,1662,28.16949152542373,95.40677966101696,59
D008,7 Series,West,1058,17.93220338983051,38.86440677966102,59
D029,i7,East,614,10.40677966101695,19.220338983050848,59
D080,X7,West,1834,31.084745762711865,95.7457627118644,59
D016,iX,West,1842,31.220338983050848,79.91525423728814,59
D103,iX1,Central,1259,21.338983050847457,76.16949152542372,59
D117,i5,North,1536,26.033898305084747,52.898305084745765,59
D145,4 Series,Central,1146,19.423728813559322,44.88135593220339,59
D163,X1,East,2045,34.66101694915254,47.983050847457626,59
D220,4 Series,Central,1365,23.135593220338983,28.64406779661017,59
D176,iX,East,829,14.05084745762712,22.11864406779661,59
D205,7 Series,East,993,16.83050847457627,24.28813559322034,59
D235,4 Series,East,917,15.542372881355933,27.152542372881356,59
D142,X3,South,2449,41.50847457627118,98.23728813559322,59
D178,i7,North,635,10.76271186440678,15.559322033898304,59
D126,iX3,East,2215,37.54237288135593,87.11864406779661,59
D162,5 Series,West,2939,49.813559322033896,156.94915254237287,59
D161,3 Series,Central,1648,27.93220338983051,56.23728813559322,59
D245,X5,West,2823,47.847457627118644,132.01694915254237,59
D015,X1,West,2493,42.25423728813559,124.50847457627118,59
D044,iX,South,1398,23.694915254237287,43.50847457627118,59
D095,iX1,Central,1819,30.83050847457627,59.016949152542374,59
D104,iX1,North,2023,34.28813559322034,84.61016949152543,59
D023,iX,North,1957,33.16949152542373,57.59322033898305,59
D059,i5,West,1674,28.372881355932204,56.6271186440678,59
D075,3 Series,West,2051,34.76271186440678,74.33898305084746,59
D008,iX1,West,2596,44.0,97.16949152542372,59
D009,3 Series,South,1612,27.322033898305083,58.32203389830509,59
D135,X7,West,1029,17.440677966101696,27.271186440677965,59
D139,i4,South,2439,41.33898305084746,83.84745762711864,59
D140,iX,East,1152,19.52542372881356,37.932203389830505,59
D157,iX3,North,1547,26.220338983050848,83.7457627118644,59
D135,4 Series,West,1329,22.52542372881356,66.47457627118644,59
D213,2 Series,West,1996,33.83050847457627,50.30508474576271,59
D160,iX3,West,2824,47.86440677966102,181.135593220339,59
D131,2 Series,East,837,14.186440677966102,23.28813559322034,59
D181,7 Series,Central,762,12.915254237288135,21.88135593220339,59
D233,i5,North,2097,35.54237288135593,48.644067796610166,59
D003,3 Series,West,1944,32.94915254237288,84.86440677966101,59
D063,3 Series,South,1447,24.52542372881356,35.3728813559322,59
D091,2 Series,East,1425,24.152542372881356,39.57627118644068,59
D109,4 Series,East,988,16.74576271186441,34.813559322033896,59
D041,5 Series,North,2130,36.101694915254235,99.47457627118644,59
D118,7 Series,North,879,14.898305084745763,26.71186440677966,59
D052,X5,North,2471,41.88135593220339,99.15254237288136,59
D136,i7,South,822,13.932203389830509,21.1864406779661,59
D233,3 Series,North,2235,37.88135593220339,88.9322033898305,59
D217,i4,North,1292,21.89830508474576,54.13559322033898,59
D233,i7,North,914,15.491525423728813,31.864406779661017,59
D162,4 Series,West,2208,37.42372881355932,70.35593220338983,59
D215,iX3,West,2229,37.779661016949156,105.0677966101695,59
D194,3 Series,South,1972,33.42372881355932,99.11864406779661,59
D124,X5,East,2025,34.32203389830509,77.69491525423729,59
D053,7 Series,South,1064,18.033898305084747,26.847457627118644,59
D075,i5,West,1377,23.338983050847457,40.355932203389834,59
D104,i4,North,1549,26.25423728813559,41.152542372881356,59
D110,i5,West,2261,38.32203389830509,77.62711864406779,59
D004,iX3,East,1157,19.610169491525422,37.440677966101696,59
D020,i5,East,1518,25.728813559322035,57.08474576271186,59
D021,i5,East,1288,21.83050847457627,47.440677966101696,59
D047,2 Series,East,1109,18.796610169491526,29.983050847457626,59
D043,4 Series,West,1161,19.677966101694917,29.0,59
D024,i5,Central,1317,22.322033898305083,43.644067796610166,59
D045,iX1,North,1846,31.28813559322034,92.71186440677967,59
D034,X1,East,1572,26.64406779661017,68.0677966101695,59
D127,iX3,North,1436,24.338983050847457,37.152542372881356,59
D213,X5,West,2751,46.6271186440678,72.03389830508475,59
D120,i5,North,1413,23.949152542372882,61.74576271186441,59
D045,i4,North,1561,26.45762711864407,55.067796610169495,59
D085,i4,West,1522,25.796610169491526,45.644067796610166,59
D099,X5,West,2037,34.52542372881356,104.40677966101696,59
D019,X7,Central,728,12.338983050847459,16.559322033898304,59
D051,5 Series,West,3110,52.71186440677966,90.47457627118644,59
D079,X5,East,1586,26.88135593220339,47.6271186440678,59
D117,X7,North,1367,23.16949152542373,28.83050847457627,59
D158,iX1,East,2120,35.932203389830505,96.32203389830508,59
D181,X5,Central,1727,29.271186440677965,46.08474576271186,59
D172,5 Series,North,1953,33.101694915254235,86.61016949152543,59
D175,iX3,West,2700,45.76271186440678,103.47457627118644,59
D208,3 Series,Central,2025,34.32203389830509,109.77966101694915,59
D243,3 Series,North,1731,29.338983050847457,66.89830508474576,59
D006,iX1,Central,2076,35.186440677966104,71.03389830508475,59
D055,X5,East,1591,26.966101694915253,57.11864406779661,59
D058,7 Series,North,692,11.728813559322035,16.47457627118644,59
D062,i7,West,821,13.915254237288135,22.016949152542374,59
D072,i5,North,1889,32.016949152542374,57.6271186440678,59
D003,iX1,West,2342,39.69491525423729,82.88135593220339,59
D021,iX3,East,1544,26.16949152542373,44.03389830508475,59
D049,X5,West,2067,35.03389830508475,64.55932203389831,59
D054,5 Series,East,1415,23.983050847457626,50.389830508474574,59
D051,2 Series,West,1780,30.16949152542373,87.15254237288136,59
D011,X3,East,2449,41.50847457627118,106.98305084745763,59
D071,X1,West,2688,45.559322033898304,131.864406779661,59
D134,5 Series,East,1303,22.084745762711865,38.23728813559322,59
D161,2 Series,Central,1257,21.305084745762713,28.610169491525422,59
D166,X5,Central,1784,30.23728813559322,51.79661016949152,59
D183,2 Series,East,1120,18.983050847457626,32.16949152542373,59
D184,iX3,West,2577,43.67796610169491,138.72881355932202,59
D213,X1,West,3473,58.86440677966102,89.10169491525424,59
D199,4 Series,South,1052,17.83050847457627,31.06779661016949,59
D235,iX,East,785,13.305084745762711,19.983050847457626,59
D138,5 Series,North,1605,27.203389830508474,59.728813559322035,59
D141,2 Series,Central,1221,20.694915254237287,50.779661016949156,59
D190,iX,South,1839,31.16949152542373,63.08474576271186,59
D208,5 Series,Central,2313,39.20338983050848,119.86440677966101,59
D237,X7,West,1236,20.949152542372882,30.76271186440678,59
D246,7 Series,North,867,14.694915254237289,32.71186440677966,59
D101,i7,Central,925,15.677966101694915,29.88135593220339,59
D103,i4,Central,1143,19.372881355932204,31.54237288135593,59
D015,2 Series,West,1246,21.11864406779661,36.76271186440678,59
D022,i4,South,1438,24.372881355932204,76.42372881355932,59
D050,3 Series,West,2158,36.57627118644068,73.72881355932203,59
D078,5 Series,South,2653,44.96610169491525,75.9322033898305,59
D080,X5,West,2521,42.728813559322035,107.83050847457628,59
D004,3 Series,East,1463,24.796610169491526,62.067796610169495,59
D003,i5,West,1601,27.135593220338983,57.76271186440678,59
D115,iX1,East,1348,22.847457627118644,58.847457627118644,59
D020,X7,East,976,16.54237288135593,36.67796610169491,59
D155,X1,East,1816,30.779661016949152,54.05084745762712,59
D197,4 Series,South,1848,31.322033898305083,85.0,59
D202,iX,Central,1486,25.1864406779661,50.644067796610166,59
D128,X7,West,1973,33.440677966101696,60.220338983050844,59
D168,2 Series,North,1077,18.25423728813559,37.28813559322034,59
D168,X5,North,1863,31.576271186440678,74.03389830508475,59
D242,5 Series,East,1117,18.93220338983051,31.050847457627118,59
D237,3 Series,West,1863,31.576271186440678,88.0,59
D247,i5,West,1610,27.28813559322034,59.16949152542373,59
D025,i4,West,1270,21.52542372881356,57.898305084745765,59
D206,i4,South,1778,30.135593220338983,90.0,59
